SALE TYPE,SOLD DATE,PROPERTY TYPE,ADDRESS,CITY,STATE OR PROVINCE,ZIP OR POSTAL CODE,PRICE,BEDS,BATHS,LOCATION,SQUARE FEET,LOT SIZE,YEAR BUILT,DAYS ON MARKET,$/SQUARE FEET,HOA/MONTH,STATUS,NEXT OPEN HOUSE START TIME,NEXT OPEN HOUSE END TIME,URL (SEE https://www.redfin.com/buy-a-home/comparative-market-analysis FOR INFO ON PRICING),SOURCE,MLS#,FAVORITE,INTERESTED,LATITUDE,LONGITUDE
MLS Listing,,Multi-Family (2-4 Unit),5929 S Paulina St,Chicago,IL,60636,179000,6,2.0,CHI - West Englewood,,3049,1910,1,,,Active,,,https://www.redfin.com/IL/Chicago/5929-S-Paulina-St-60636/home/13937774,MRED,11644818,N,Y,41.7858544,-87.6664932
MLS Listing,,Single Family Residential,1700 W 91st Pl,Chicago,IL,60620,260000,3,3.0,CHI - Washington Heights,2200,6250,1924,1,118,,Active,October-8-2022 11:00 AM,October-8-2022 01:00 PM,https://www.redfin.com/IL/Chicago/1700-W-91st-Pl-60620/home/13099144,MRED,11644773,N,Y,41.7277033,-87.6654915
MLS Listing,,Multi-Family (2-4 Unit),6625 N California Ave,Chicago,IL,60645,525000,6,4.0,CHI - West Ridge,,,1958,1,,,Active,,,https://www.redfin.com/IL/Chicago/6625-N-California-Ave-60645/home/13582438,MRED,11640667,N,Y,42.0019766,-87.6994412
MLS Listing,,Condo/Co-op,1601 S State St Unit 3E,Chicago,IL,60616,384900,3,2.0,CHI - Near South Side,1650,,2004,1,233,670,Active,,,https://www.redfin.com/IL/Chicago/1601-S-State-St-60616/unit-3E/home/179110292,MRED,11644652,N,Y,41.8599299,-87.6268884
MLS Listing,,Condo/Co-op,100 E 14th St #1807,Chicago,IL,60605,399000,2,2.0,CHI - Near South Side,1248,,2008,1,320,610,Active,October-8-2022 12:00 PM,October-8-2022 02:00 PM,https://www.redfin.com/IL/Chicago/100-E-14th-St-60605/unit-1807/home/39570460,MRED,11644076,N,Y,41.8645195,-87.6238055
MLS Listing,,Condo/Co-op,2214 N Campbell Ave Unit 1B,Chicago,IL,60647,379999,3,3.0,CHI - Logan Square,1600,,1894,1,237,286,Active,,,https://www.redfin.com/IL/Chicago/2214-N-Campbell-Ave-60647/unit-1B/home/18936313,MRED,11643850,N,Y,41.9221112,-87.6896587
MLS Listing,,Single Family Residential,8500 S Keeler Ave,Chicago,IL,60652,320000,3,1.5,CHI - Ashburn,1222,5148,1968,1,262,,Active,,,https://www.redfin.com/IL/Chicago/8500-S-Keeler-Ave-60652/home/13967353,MRED,11643825,N,Y,41.7382956,-87.7267083
MLS Listing,,Condo/Co-op,1440 S Michigan Ave #514,Chicago,IL,60605,345000,2,2.0,CHI - Near South Side,1100,,2000,1,314,478,Active,October-8-2022 11:00 AM,October-8-2022 01:00 PM,https://www.redfin.com/IL/Chicago/1440-S-Michigan-Ave-60605/unit-514/home/12733007,MRED,11643799,N,Y,41.863073831,-87.62441374
MLS Listing,,Multi-Family (2-4 Unit),1936 W Belle Plaine Ave,Chicago,IL,60613,979900,6,3.0,CHI - North Center,,,1898,4,,,Active,,,https://www.redfin.com/IL/Chicago/1936-W-Belle-Plaine-Ave-60613/home/13389613,MRED,11640604,N,Y,41.9561936,-87.677857
MLS Listing,,Single Family Residential,419 E 42nd St,Chicago,IL,60653,455000,8,3.5,CHI - Grand Boulevard,3900,4922,1893,4,117,,Active,October-8-2022 02:00 PM,October-8-2022 04:00 PM,https://www.redfin.com/IL/Chicago/419-E-42nd-St-60653/home/13960954,MRED,11638571,N,Y,41.8182449,-87.6158032
MLS Listing,,Condo/Co-op,1841 S Calumet Ave #1511,Chicago,IL,60616,345000,2,2.0,CHI - Near South Side,1080,,2004,4,319,644,Active,,,https://www.redfin.com/IL/Chicago/1841-S-Calumet-Ave-60616/unit-1511/home/18937852,MRED,11634799,N,Y,41.8573213,-87.6189079
MLS Listing,,Condo/Co-op,1110 N Lake Shore Dr Unit 4N,Chicago,IL,60611,485000,3,2.5,CHI - Near North Side,2122,,1969,4,229,2540,Active,,,https://www.redfin.com/IL/Chicago/1110-N-Lake-Shore-Dr-60611/unit-4N/home/14122746,MRED,11641991,N,Y,41.902836,-87.625043
MLS Listing,,Townhouse,3657 S Normal Ave Unit E,Chicago,IL,60609,470000,3,2.5,CHI - Bridgeport,1640,,1997,4,287,,Active,,,https://www.redfin.com/IL/Chicago/3657-S-Normal-Ave-60609/unit-E/home/14072408,MRED,11641978,N,Y,41.8273796,-87.6385494
MLS Listing,,Single Family Residential,6437 S Troy St,Chicago,IL,60629,280000,5,2.5,CHI - Chicago Lawn,1150,3136,1919,4,243,,Active,,,https://www.redfin.com/IL/Chicago/6437-S-Troy-St-60629/home/13988041,MRED,11641977,N,Y,41.7760724,-87.701577
MLS Listing,,Condo/Co-op,1143 S Plymouth Ct #604,Chicago,IL,60605,289900,2,2.0,Dearborn Park,1250,,1979,5,232,553,Active,,,https://www.redfin.com/IL/Chicago/1143-S-Plymouth-Ct-60605/unit-604/home/14091229,MRED,11639645,N,Y,41.8688062,-87.6282799
MLS Listing,,Condo/Co-op,1914 N Sheffield Ave Unit 2F,Chicago,IL,60614,415000,2,1.0,CHI - Lincoln Park,,,1889,5,,232,Active,,,https://www.redfin.com/IL/Chicago/1914-N-Sheffield-Ave-60614/unit-2F/home/13352007,MRED,11641451,N,Y,41.916541,-87.653664
MLS Listing,,Condo/Co-op,6250 N Francisco Ave Unit GBE,Chicago,IL,60659,139000,2,1.0,CHI - West Ridge,,,1950,5,,262,Active,,,https://www.redfin.com/IL/Chicago/6250-N-Francisco-Ave-60659/unit-GBE/home/181753220,MRED,11628403,N,Y,41.9956195,-87.7023048
MLS Listing,,Condo/Co-op,2753 N Hampden Ct Unit 2B,Chicago,IL,60614,1895000,4,4.5,CHI - Lincoln Park,2902,,2019,5,653,650,Active,October-8-2022 12:00 PM,October-8-2022 02:00 PM,https://www.redfin.com/IL/Chicago/2753-N-Hampden-Ct-60614/unit-2B/home/144232690,MRED,11641379,N,Y,41.9322901,-87.6420418
MLS Listing,,Condo/Co-op,3651 N Kedvale Ave Unit 2A,Chicago,IL,60641,145000,1,1.0,CHI - Irving Park,,,1929,5,,260,Active,,,https://www.redfin.com/IL/Chicago/3651-N-Kedvale-Ave-60641/unit-2A/home/12638899,MRED,11641192,N,Y,41.9478682,-87.7301918
MLS Listing,,Condo/Co-op,2004 W Erie St Unit 1W,Chicago,IL,60612,765000,4,3.0,CHI - West Town,,,2013,5,,300,Active,,,https://www.redfin.com/IL/Chicago/2004-W-Erie-St-60612/unit-1W/home/113044196,MRED,11610855,N,Y,41.8932873,-87.6772969
MLS Listing,,Multi-Family (2-4 Unit),4128 N Maplewood Ave,Chicago,IL,60618,595900,4,2.0,CHI - North Center,,3484,1920,5,,,Active,,,https://www.redfin.com/IL/Chicago/4128-N-Maplewood-Ave-60618/home/13486615,MRED,11641138,N,Y,41.9566742,-87.6924059
MLS Listing,,Condo/Co-op,2700 N Hampden Ct Unit 18C,Chicago,IL,60614,305000,2,2.0,CHI - Lincoln Park,1200,,1968,5,254,916,Active,,,https://www.redfin.com/IL/Chicago/2700-N-Hampden-Ct-60614/unit-18C/home/13368686,MRED,11641053,N,Y,41.9308327,-87.6419459
MLS Listing,,Condo/Co-op,1505 N Fairfield Ave Unit 3N,Chicago,IL,60622,534900,2,2.0,CHI - West Town,,,2017,5,,155,Active,,,https://www.redfin.com/IL/Chicago/1505-N-Fairfield-Ave-60622/unit-3N/home/112688535,MRED,11641050,N,Y,41.908571,-87.695354
MLS Listing,,Condo/Co-op,2529 N Halsted St Unit 2S,Chicago,IL,60614,565000,2,2.0,Lillview Condominiums,1800,,1997,6,314,270,Active,,,https://www.redfin.com/IL/Chicago/2529-N-Halsted-St-60614/unit-2S/home/12804448,MRED,11640346,N,Y,41.9281067,-87.6485351
MLS Listing,,Condo/Co-op,1464 S Michigan Ave #505,Chicago,IL,60605,295000,2,1.0,Marquee,900,,2008,6,328,537,Active,,,https://www.redfin.com/IL/Chicago/1464-S-Michigan-Ave-60605/unit-505/home/39570938,MRED,11640320,N,Y,41.8622613,-87.624234
MLS Listing,,Condo/Co-op,3151 N Lincoln Ave #208,Chicago,IL,60657,279500,1,1.0,CHI - Lake View,720,,1934,6,388,393,Active,,,https://www.redfin.com/IL/Chicago/3151-N-Lincoln-Ave-60657/unit-208/home/13365646,MRED,11636687,N,Y,41.939122,-87.6677022
MLS Listing,,Townhouse,2344 W George St,Chicago,IL,60618,400000,2,1.5,Riverwalk,1630,,2000,7,245,383,Active,,,https://www.redfin.com/IL/Chicago/2344-W-George-St-60618/home/12698311,MRED,11634977,N,Y,41.933943284,-87.68724584
MLS Listing,,Single Family Residential,3626 S Giles Ave,Chicago,IL,60653,530000,4,3.5,CHI - Douglas,1878,3362,2002,7,282,,Active,,,https://www.redfin.com/IL/Chicago/3626-S-Giles-Ave-60653/home/12733527,MRED,11639092,N,Y,41.8284225,-87.6195539
MLS Listing,,Condo/Co-op,125 E 13th St #604,Chicago,IL,60605,440000,2,2.0,Museum Park Lofts,1300,,2002,7,338,506,Active,,,https://www.redfin.com/IL/Chicago/125-E-13th-St-60605/unit-604/home/12645866,MRED,11639050,N,Y,41.8655862,-87.62288
MLS Listing,,Multi-Family (2-4 Unit),6549 S Saint Lawrence Ave,Chicago,IL,60637,449000,7,3.0,CHI - Woodlawn,,2613,1895,8,,,Active,,,https://www.redfin.com/IL/Chicago/6549-S-Saint-Lawrence-Ave-60637/home/181310601,MRED,11638447,N,Y,41.775257,-87.6103936
MLS Listing,,Condo/Co-op,3600 N Lake Shore Dr #2625,Chicago,IL,60613,274900,1,1.0,CHI - Lake View,,,1960,8,,764,Active,,,https://www.redfin.com/IL/Chicago/3600-N-Lake-Shore-Dr-60613/unit-2625/home/13376979,MRED,11636779,N,Y,41.9489369,-87.6441842
MLS Listing,,Condo/Co-op,643 W Barry Ave Unit 1D,Chicago,IL,60657,235000,1,1.0,CHI - Lake View,700,,1970,8,336,197,Active,,,https://www.redfin.com/IL/Chicago/643-W-Barry-Ave-60657/unit-1D/home/12683066,MRED,11638265,N,Y,41.9375782,-87.6459541
MLS Listing,,Single Family Residential,2610 N Kimball Ave,Chicago,IL,60647,1050000,5,3.5,CHI - Logan Square,2984,3920,2007,11,352,,Active,,,https://www.redfin.com/IL/CHICAGO/2610-N-KIMBALL-AVE-60647/home/18946402,MRED,11637137,N,Y,41.928782,-87.712619
MLS Listing,,Condo/Co-op,4852 N Paulina St Unit 1E,Chicago,IL,60640,165000,1,1.0,CHI - Uptown,784,,1969,11,210,257,Active,,,https://www.redfin.com/IL/Chicago/4852-N-Paulina-St-60640/unit-1E/home/13402797,MRED,11633779,N,Y,41.9704285,-87.6715481
MLS Listing,,Single Family Residential,2015 Newton Ave,Park Ridge,IL,60068,395000,3,2.0,Park Ridge,960,5850,1944,11,411,,Active,,,https://www.redfin.com/IL/Park-Ridge/2015-Newton-Ave-60068/home/13565798,MRED,11636567,N,Y,41.9856771,-87.8240227
MLS Listing,,Condo/Co-op,625 W Jackson Blvd #707,Chicago,IL,60661,390000,2,1.0,Capitol Hill Lofts,1050,,1918,12,371,555,Active,,,https://www.redfin.com/IL/Chicago/625-W-Jackson-Blvd-60661/unit-707/home/12713702,MRED,11632980,N,Y,41.8778774,-87.6435687
MLS Listing,,Condo/Co-op,1542 E 67th Pl Unit 1E,Chicago,IL,60637,230000,3,2.0,CHI - South Shore,1700,,1911,12,135,200,Active,,,https://www.redfin.com/IL/Chicago/1542-E-67th-Pl-60637/unit-1E/home/21792834,MRED,11624136,N,Y,41.7726389,-87.5870334
MLS Listing,,Condo/Co-op,600 N Fairbanks Ct #2006,Chicago,IL,60611,379900,1,1.0,CHI - Near North Side,821,,2008,12,463,483,Active,,,https://www.redfin.com/IL/Chicago/600-N-Fairbanks-Ct-60611/unit-2006/home/39557848,MRED,11633983,N,Y,41.8927936,-87.6206433
MLS Listing,,Condo/Co-op,100 E Huron St #1703,Chicago,IL,60611,550000,2,2.0,CHI - Near North Side,1481,,1989,12,371,1193,Active,,,https://www.redfin.com/IL/Chicago/100-E-Huron-St-60611/unit-1703/home/14099785,MRED,11635603,N,Y,41.895034,-87.6250256
MLS Listing,,Townhouse,26 S Aberdeen St #8,Chicago,IL,60607,775000,3,2.0,CHI - Near West Side,2000,,2007,12,388,275,Active,October-8-2022 11:00 AM,October-8-2022 01:00 PM,https://www.redfin.com/IL/Chicago/26-S-Aberdeen-St-60607/unit-8/home/12632522,MRED,11632635,N,Y,41.8808922,-87.6549666
MLS Listing,,Condo/Co-op,4867 N Rockwell St Unit G,Chicago,IL,60625,272500,2,2.0,CHI - Lincoln Square,,,1924,13,,169,Active,,,https://www.redfin.com/IL/Chicago/4867-N-Rockwell-St-60625/unit-G/home/39944206,MRED,11631733,N,Y,41.9706095,-87.6936159
MLS Listing,,Condo/Co-op,1455 N Sandburg Ter Unit 1009B,Chicago,IL,60610,349900,2,1.0,CHI - Near North Side,,,1964,13,,671,Active,,,https://www.redfin.com/IL/Chicago/1455-N-Sandburg-Ter-60610/unit-1009B/home/14116073,MRED,11635048,N,Y,41.9088719,-87.6320457
MLS Listing,,Condo/Co-op,2341 W Roscoe St Unit 1W,Chicago,IL,60618,899000,4,2.5,CHI - North Center,,,2018,13,,307,Active,,,https://www.redfin.com/IL/Chicago/2341-W-Roscoe-St-60618/unit-1W/home/175638037,MRED,11634849,N,Y,41.94290002,-87.68744241
MLS Listing,,Condo/Co-op,932 W George St #3,Chicago,IL,60657,475000,2,2.0,CHI - Lake View,,,1996,13,,195,Active,,,https://www.redfin.com/IL/Chicago/932-W-George-St-60657/unit-3/home/13362961,MRED,11634816,N,Y,41.934697,-87.6528898
MLS Listing,,Townhouse,648 W Oak St,Chicago,IL,60610,779900,3,2.5,CHI - Near North Side,,,2007,13,,254,Active,,,https://www.redfin.com/IL/Chicago/648-W-Oak-St-60610/home/12621241,MRED,11628992,N,Y,41.8999386,-87.6447673
MLS Listing,,Condo/Co-op,660 W Wayman St Unit 507B,Chicago,IL,60661,319000,1,2.0,Trio,800,,2008,13,399,519,Active,,,https://www.redfin.com/IL/Chicago/660-W-Wayman-St-60661/unit-507B/home/21801927,MRED,11634629,N,Y,41.887518,-87.645063
MLS Listing,,Condo/Co-op,165 N Canal St #1128,Chicago,IL,60606,489000,3,2.0,CHI - Near West Side,1576,,1910,14,310,773,Active,,,https://www.redfin.com/IL/Chicago/165-N-Canal-St-60606/unit-1128/home/23050607,MRED,11634107,N,Y,41.8853115,-87.639382
MLS Listing,,Condo/Co-op,1000 W Leland Ave Unit 6F,Chicago,IL,60640,249900,2,1.0,CHI - Uptown,,,2004,14,,376,Active,,,https://www.redfin.com/IL/Chicago/1000-W-Leland-Ave-60640/unit-6F/home/12571464,MRED,11634053,N,Y,41.9673599,-87.6549621
MLS Listing,,Single Family Residential,4852 N Mont Clare Ave,Chicago,IL,60656,359900,4,2.5,CHI - Norwood Park,1250,,1958,14,288,,Active,,,https://www.redfin.com/IL/Chicago/4852-N-Mont-Clare-Ave-60656/home/13504887,MRED,11629963,N,Y,41.969838,-87.8051296
MLS Listing,,Single Family Residential,19 E 102nd Pl,Chicago,IL,60628,150000,3,2.0,CHI - Roseland,1633,4687,1905,14,92,,Active,,,https://www.redfin.com/IL/Chicago/19-E-102nd-Pl-60628/home/13088235,MRED,11634032,N,Y,41.7078927,-87.6227451
MLS Listing,,Condo/Co-op,1069 W Foster Ave Unit 2D,Chicago,IL,60640,274900,2,2.0,CHI - Uptown,1099,,1917,14,250,235,Active,October-8-2022 02:00 PM,October-8-2022 04:00 PM,https://www.redfin.com/IL/Chicago/1069-W-Foster-Ave-60640/unit-2D/home/181855921,MRED,11633695,N,Y,41.9762601,-87.6574334
MLS Listing,,Condo/Co-op,1307 S Wabash Ave #408,Chicago,IL,60605,225000,1,1.0,CHI - Near South Side,,,1929,15,,418,Active,,,https://www.redfin.com/IL/Chicago/1307-S-Wabash-Ave-60605/unit-408/home/12725359,MRED,11633228,N,Y,41.8654407,-87.6253097
MLS Listing,,Single Family Residential,557 E 92nd Pl,Chicago,IL,60619,250000,4,2.0,CHI - Chatham,2254,3123,1910,15,111,,Active,,,https://www.redfin.com/IL/Chicago/557-E-92nd-Pl-60619/home/13109058,MRED,11632923,N,Y,41.7262784,-87.6095757
MLS Listing,,Condo/Co-op,1720 S Michigan Ave #1204,Chicago,IL,60616,225900,1,1.0,CHI - Near South Side,700,,2005,15,323,354,Active,,,https://www.redfin.com/IL/Chicago/1720-S-Michigan-Ave-60616/unit-1204/home/39558369,MRED,11632639,N,Y,41.8586026,-87.6246153
MLS Listing,,Townhouse,1618 N Larrabee St,Chicago,IL,60614,885000,4,2.5,CHI - Lincoln Park,,,1987,18,,,Active,,,https://www.redfin.com/IL/Chicago/1618-N-Larrabee-St-60614/home/13346471,MRED,11626092,N,Y,41.9118205,-87.6436813
MLS Listing,,Condo/Co-op,1935 S Archer Ave #518,Chicago,IL,60616,240000,1,1.0,CHI - Near South Side,900,,2006,18,267,443,Active,,,https://www.redfin.com/IL/Chicago/1935-S-Archer-Ave-60616/unit-518/home/18931231,MRED,11617212,N,Y,41.8558278,-87.6283056
MLS Listing,,Condo/Co-op,100 E 14th St #2301,Chicago,IL,60605,710000,3,2.0,CHI - Near South Side,1695,,2006,18,419,1060,Active,,,https://www.redfin.com/IL/Chicago/100-E-14th-St-60605/unit-2301/home/39570245,MRED,11631110,N,Y,41.8645195,-87.6238055
MLS Listing,,Condo/Co-op,839 W Ainslie St Unit 3W,Chicago,IL,60640,370000,2,2.0,CHI - Uptown,1700,,1911,18,218,272,Active,,,https://www.redfin.com/IL/Chicago/839-W-Ainslie-St-60640/unit-3W/home/180592376,MRED,11627450,N,Y,41.971386,-87.65176
MLS Listing,,Single Family Residential,3427 W 61st St,Chicago,IL,60629,374900,5,2.0,CHI - Chicago Lawn,,6015,1880,18,,,Active,,,https://www.redfin.com/IL/Chicago/3427-W-61st-St-60629/home/14007551,MRED,11631397,N,Y,41.7823033,-87.7092179
MLS Listing,,Condo/Co-op,40 E 9th St #718,Chicago,IL,60605,210000,1,1.0,CHI - Loop,910,,1998,18,231,642,Active,October-8-2022 11:00 AM,October-8-2022 01:00 PM,https://www.redfin.com/IL/Chicago/40-E-9th-St-60605/unit-718/home/12633439,MRED,11628221,N,Y,41.8707384,-87.6263891
MLS Listing,,Multi-Family (2-4 Unit),7847 S Saint Lawrence Ave,Chicago,IL,60619,250000,4,2.0,CHI - Greater Grand Crossing,,,1915,18,,,Active,,,https://www.redfin.com/IL/Chicago/7847-S-St-Lawrence-Ave-60619/home/13917649,MRED,11631184,N,Y,41.7516483,-87.6098109
MLS Listing,,Condo/Co-op,3660 N Lake Shore Dr #410,Chicago,IL,60613,199900,1,1.0,CHI - Lake View,,,1987,18,,379,Active,,,https://www.redfin.com/IL/Chicago/3660-N-Lake-Shore-Dr-60613/unit-410/home/12741996,MRED,11625722,N,Y,41.949859,-87.6457899
MLS Listing,,Condo/Co-op,4216 S Ellis Ave Unit 3S,Chicago,IL,60653,579999,4,4.0,CHI - Oakland,3500,,2016,18,166,320,Active,,,https://www.redfin.com/IL/Chicago/4216-S-Ellis-Ave-60653/unit-3S/home/144510582,MRED,11631038,N,Y,41.8174267,-87.6022424
MLS Listing,,Condo/Co-op,400 E Randolph St #3628,Chicago,IL,60601,345000,1,1.0,CHI - Loop,860,,1963,19,401,680,Active,,,https://www.redfin.com/IL/Chicago/400-E-Randolph-St-60601/unit-3628/home/14094290,MRED,11630701,N,Y,41.885003,-87.6168638
MLS Listing,,Single Family Residential,4015 N Drake Ave,Chicago,IL,60618,795000,4,3.5,CHI - Irving Park,3576,3036,2013,19,222,,Active,,,https://www.redfin.com/IL/Chicago/4015-N-Drake-Ave-60618/home/13482788,MRED,11630015,N,Y,41.9543587,-87.7163092
MLS Listing,,Condo/Co-op,5559 S Blackstone Ave #2,Chicago,IL,60637,369000,3,2.0,CHI - Hyde Park,1600,,1906,20,231,656,Active,,,https://www.redfin.com/IL/Chicago/5559-S-Blackstone-Ave-60637/unit-2/home/12565773,MRED,11629364,N,Y,41.7935128,-87.5898569
MLS Listing,,Condo/Co-op,4631 S Ellis Ave Unit 3R,Chicago,IL,60653,399900,3,2.5,Ellington Court,2103,,,20,190,202,Active,,,https://www.redfin.com/IL/Chicago/4631-S-Ellis-Ave-60653/unit-3R/home/12733143,MRED,11629270,N,Y,41.8104971,-87.6012893
MLS Listing,,Condo/Co-op,3543 W Belmont Ave #2,Chicago,IL,60618,450000,3,2.5,CHI - Avondale,1650,,2011,20,273,265,Active,,,https://www.redfin.com/IL/Chicago/3543-W-Belmont-Ave-60618/unit-2/home/52639035,MRED,11629241,N,Y,41.93897,-87.71661
MLS Listing,,Condo/Co-op,1345 W Huron St #3,Chicago,IL,60642,569000,2,2.0,CHI - West Town,,,2016,20,,176,Active,,,https://www.redfin.com/IL/Chicago/1345-W-Huron-St-60642/unit-3/home/161065785,MRED,11628984,N,Y,41.8941037,-87.6613045
MLS Listing,,Condo/Co-op,6444 S Woodlawn Ave Unit 4N,Chicago,IL,60637,375000,3,2.0,CHI - Woodlawn,2000,,2018,20,188,202,Active,,,https://www.redfin.com/IL/Chicago/6444-S-Woodlawn-Ave-60637/unit-4N/home/179303424,MRED,11624927,N,Y,41.7773644,-87.5963797
MLS Listing,,Single Family Residential,6124 S Mcvicker Ave,Chicago,IL,60638,424000,5,3.0,CHI - Clearing,2099,3746,2010,21,202,,Active,,,https://www.redfin.com/IL/Chicago/6124-S-McVicker-Ave-60638/home/12817862,MRED,11626120,N,Y,41.7807017,-87.7731624
MLS Listing,,Multi-Family (2-4 Unit),8109 S Drexel Ave,Chicago,IL,60619,375000,9,3.0,CHI - Chatham,,3920,1925,21,,,Active,,,https://www.redfin.com/IL/Chicago/8109-S-Drexel-Ave-60619/home/13224206,MRED,11614791,N,Y,41.7472806,-87.6023406
MLS Listing,,Condo/Co-op,1935 S Archer Ave #215,Chicago,IL,60616,314900,1,2.0,CHI - Near South Side,1100,,2004,21,286,457,Active,,,https://www.redfin.com/IL/Chicago/1935-S-Archer-Ave-60616/unit-215/home/18927217,MRED,11628326,N,Y,41.8558278,-87.6283056
MLS Listing,,Single Family Residential,6438 N Harlem Ave,Chicago,IL,60631,289999,3,2.0,CHI - Edison Park,1000,4133,1959,21,290,,Active,,,https://www.redfin.com/IL/Chicago/6438-N-Harlem-Ave-60631/home/13635879,MRED,11627997,N,Y,41.9980854,-87.8070884
MLS Listing,,Condo/Co-op,5553 N Clark St #301,Chicago,IL,60640,579900,3,2.0,CHI - Edgewater,,,2019,22,,226,Active,,,https://www.redfin.com/IL/Chicago/5553-N-Clark-St-60640/unit-301/home/168661028,MRED,11627486,N,Y,41.983298,-87.668362
MLS Listing,,Multi-Family (2-4 Unit),1637 N Richmond St,Chicago,IL,60647,540000,6,3.0,CHI - West Town,,,1880,25,,,Active,,,https://www.redfin.com/IL/Chicago/1637-N-Richmond-St-60647/home/181656397,MRED,11477424,N,Y,41.9113231,-87.7000371
MLS Listing,,Condo/Co-op,400 S Green St #201,Chicago,IL,60607,335000,1,1.0,Green Street Lofts,1400,,1880,25,239,361,Active,,,https://www.redfin.com/IL/Chicago/400-S-Green-St-60607/unit-201/home/14089924,MRED,11625404,N,Y,41.8762901,-87.648501
MLS Listing,,Condo/Co-op,1122 W Catalpa Ave #515,Chicago,IL,60640,249900,2,1.5,Catalpa Gardens,1054,,2007,26,237,636,Active,,,https://www.redfin.com/IL/Chicago/1122-W-Catalpa-Ave-60640/unit-515/home/16882786,MRED,11625022,N,Y,41.9824219,-87.6590772
MLS Listing,,Condo/Co-op,749 S Claremont Ave #2,Chicago,IL,60612,245000,2,2.0,CHI - Near West Side,1200,,1997,26,204,150,Active,,,https://www.redfin.com/IL/Chicago/749-S-Claremont-Ave-60612/unit-2/home/12763934,MRED,11624808,N,Y,41.8717244,-87.6846611
MLS Listing,,Condo/Co-op,2324 N Lincoln Park Unit 4C,Chicago,IL,60614,160000,0,1.0,CHI - Lincoln Park,,,1927,26,,229,Active,,,https://www.redfin.com/IL/Chicago/2324-N-Lincoln-Park-W-60614/unit-4C/home/18957567,MRED,11624799,N,Y,41.924602,-87.6372469
MLS Listing,,Condo/Co-op,565 W Quincy St #1009,Chicago,IL,60661,465000,2,2.0,CHI - Near West Side,,,2009,26,,730,Active,,,https://www.redfin.com/IL/Chicago/565-W-Quincy-St-60661/unit-1009/home/171322145,MRED,11622139,N,Y,41.8784947,-87.6422376
MLS Listing,,Single Family Residential,6737 N Hermitage Ave,Chicago,IL,60626,749900,4,4.0,CHI - Rogers Park,3038,,1929,26,247,,Active,,,https://www.redfin.com/IL/Chicago/6737-N-Hermitage-Ave-60626/home/13570273,MRED,11624698,N,Y,42.0045994,-87.6737077
MLS Listing,,Condo/Co-op,235 W Van Buren St #4001,Chicago,IL,60607,465500,2,2.0,CHI - Loop,1352,,2010,26,344,562,Active,,,https://www.redfin.com/IL/Chicago/235-W-Van-Buren-St-60607/unit-4001/home/113098051,MRED,11618511,N,Y,41.8765303,-87.6347529
MLS Listing,,Condo/Co-op,33 W Ontario St Unit 24F,Chicago,IL,60654,425000,2,2.0,CHI - Near North Side,1250,,2003,26,340,967,Active,,,https://www.redfin.com/IL/Chicago/33-W-Ontario-St-60654/unit-24F/home/39557679,MRED,11624493,N,Y,41.8931144,-87.6291864
MLS Listing,,Condo/Co-op,910 S Michigan Ave #1211,Chicago,IL,60605,414900,2,2.0,CHI - Loop,1650,,1913,26,251,934,Active,,,https://www.redfin.com/IL/Chicago/910-S-Michigan-Ave-60605/unit-1211/home/12662665,MRED,11624383,N,Y,41.8701636,-87.6248468
MLS Listing,,Condo/Co-op,1414 N Wells St #212,Chicago,IL,60610,399900,1,1.0,CHI - Near North Side,,,1995,26,,538,Active,,,https://www.redfin.com/IL/Chicago/1414-N-Wells-St-60610/unit-212/home/14115603,MRED,11610665,N,Y,41.9081697,-87.6349094
MLS Listing,,Condo/Co-op,200 W Grand Ave #1403,Chicago,IL,60654,399000,2,2.0,CHI - Near North Side,1250,,2004,26,319,804,Active,,,https://www.redfin.com/IL/Chicago/200-W-Grand-Ave-60654/unit-1403/home/12576394,MRED,11613546,N,Y,41.8918775,-87.6344475
MLS Listing,,Condo/Co-op,3001 W Logan Blvd #1,Chicago,IL,60647,324900,2,1.0,CHI - Logan Square,950,,1908,27,342,338,Active,,,https://www.redfin.com/IL/Chicago/3001-W-Logan-Blvd-60647/unit-1/home/12727616,MRED,11613550,N,Y,41.9279283,-87.7025983
MLS Listing,,Condo/Co-op,1641 W Farwell Ave Unit 2N,Chicago,IL,60626,216500,2,2.0,CHI - Rogers Park,1000,,1918,27,217,201,Active,,,https://www.redfin.com/IL/Chicago/1641-W-Farwell-Ave-60626/unit-2N/home/26802709,MRED,11623509,N,Y,42.0060966,-87.671571
MLS Listing,,Condo/Co-op,565 W Quincy St #717,Chicago,IL,60661,360000,2,2.0,CHI - Near West Side,1132,,2009,27,318,670,Active,,,https://www.redfin.com/IL/Chicago/565-W-Quincy-St-60661/unit-717/home/28471158,MRED,11623500,N,Y,41.8783451,-87.6420845
MLS Listing,,Single Family Residential,5332 S Lowe Ave,Chicago,IL,60609,190000,4,1.5,CHI - New City,996,3149,1969,28,191,,Active,,,https://www.redfin.com/IL/Chicago/5332-S-Lowe-Ave-60609/home/13952234,MRED,11622137,N,Y,41.7970172,-87.6418759
MLS Listing,,Condo/Co-op,212 W Washington St #2111,Chicago,IL,60606,270000,2,1.0,CHI - Loop,900,,1914,28,300,766,Active,October-8-2022 01:00 PM,October-8-2022 03:00 PM,https://www.redfin.com/IL/Chicago/212-W-Washington-St-60606/unit-2111/home/113098187,MRED,11610430,N,Y,41.8833756,-87.634418
MLS Listing,,Condo/Co-op,2910 W Berwyn Ave #3,Chicago,IL,60625,215000,2,1.0,CHI - Lincoln Square,1030,,1975,28,209,324,Active,,,https://www.redfin.com/IL/Chicago/2910-W-Berwyn-Ave-60625/unit-3/home/180562903,MRED,11622067,N,Y,41.977883,-87.7021199
MLS Listing,,Condo/Co-op,2 S Leavitt St #206,Chicago,IL,60612,249900,1,1.0,CHI - Near West Side,,,2005,28,,290,Active,,,https://www.redfin.com/IL/Chicago/2-S-Leavitt-St-60612/unit-206/home/26795614,MRED,11622000,N,Y,41.8810582,-87.6816613
MLS Listing,,Single Family Residential,7007 W Farragut Ave,Chicago,IL,60656,339999,2,1.0,CHI - Norwood Park,800,2500,1961,28,425,,Active,,,https://www.redfin.com/IL/Chicago/7007-W-Farragut-Ave-60656/home/13506915,MRED,11621882,N,Y,41.9761796,-87.8027867
MLS Listing,,Condo/Co-op,474 N Lake Shore Dr #2206,Chicago,IL,60611,244000,0,1.0,CHI - Near North Side,650,,1991,32,375,554,Active,,,https://www.redfin.com/IL/Chicago/474-N-Lake-Shore-Dr-60611/unit-2206/home/12592706,MRED,11620570,N,Y,41.8908367,-87.6145904
MLS Listing,,Condo/Co-op,125 E 13th St #1104,Chicago,IL,60605,430000,2,2.0,CHI - Near South Side,1400,,2005,32,307,528,Active,,,https://www.redfin.com/IL/Chicago/125-E-13th-St-60605/unit-1104/home/12635887,MRED,11620013,N,Y,41.8655862,-87.62288
MLS Listing,,Condo/Co-op,11907 Gregory St #3,Blue Island,IL,60406,55900,1,1.0,Blue Island,640,,1964,32,87,232,Active,,,https://www.redfin.com/IL/Blue-Island/11907-Gregory-St-60406/unit-3/home/12690612,MRED,11620014,N,Y,41.6769559,-87.679048
MLS Listing,,Single Family Residential,7332 S Dante Ave,Chicago,IL,60619,274990,3,2.5,CHI - South Shore,1500,3136,1922,32,183,,Active,,,https://www.redfin.com/IL/Chicago/7332-S-Dante-Ave-60619/home/13921685,MRED,11614492,N,Y,41.7613609,-87.5899547
MLS Listing,,Single Family Residential,8444 W Agatite Ave,Chicago,IL,60656,495000,3,2.0,CHI - O'Hare,2002,5671,1958,33,247,,Active,,,https://www.redfin.com/IL/Chicago/8444-W-Agatite-Ave-60656/home/13551375,MRED,11618495,N,Y,41.9608249,-87.8382256
MLS Listing,,Single Family Residential,5465 N Mason Ave,Chicago,IL,60630,469000,4,3.0,CHI - Jefferson Park,1314,3920,1949,33,357,,Active,,,https://www.redfin.com/IL/Chicago/5465-N-Mason-Ave-60630/home/13502709,MRED,11612327,N,Y,41.980399,-87.7766215
MLS Listing,,Condo/Co-op,2 E Erie St #3907,Chicago,IL,60611,360000,1,1.0,CHI - Near North Side,824,,2002,33,437,610,Active,,,https://www.redfin.com/IL/Chicago/2-E-Erie-St-60611/unit-3907/home/12599920,MRED,11478127,N,Y,41.8943685,-87.6275053
MLS Listing,,Condo/Co-op,655 W Irving Park Rd #5313,Chicago,IL,60613,217000,1,1.0,Park Place Tower,762,,1973,34,285,813,Active,,,https://www.redfin.com/IL/Chicago/655-W-Irving-Park-Rd-60613/unit-5313/home/12688974,MRED,11617507,N,Y,41.9544485,-87.6469986
MLS Listing,,Multi-Family (2-4 Unit),2903 W Warren Blvd,Chicago,IL,60612,379000,5,3.0,CHI - East Garfield Park,,2613,1885,34,,,Active,,,https://www.redfin.com/IL/Chicago/2903-W-Warren-Blvd-60612/home/180185481,MRED,11617973,N,Y,41.8816942,-87.6990294
MLS Listing,,Multi-Family (2-4 Unit),2128 N Mobile Ave,Chicago,IL,60639,369500,7,3.0,CHI - Belmont Cragin,,3920,1926,40,,,Active,,,https://www.redfin.com/IL/Chicago/2128-N-Mobile-Ave-60639/home/13429060,MRED,11613591,N,Y,41.9191123,-87.7831162
MLS Listing,,Condo/Co-op,1541 W Chestnut St #1,Chicago,IL,60642,649900,3,3.0,CHI - West Town,2600,,2004,41,250,194,Active,,,https://www.redfin.com/IL/Chicago/1541-W-Chestnut-St-60642/unit-1/home/12659323,MRED,11610879,N,Y,41.897697,-87.6664927
MLS Listing,,Condo/Co-op,1620 S Michigan Ave #1022,Chicago,IL,60616,295000,2,1.0,CHI - Near South Side,920,,2003,41,321,362,Active,,,https://www.redfin.com/IL/Chicago/1620-S-Michigan-Ave-60616/unit-1022/home/18916672,MRED,11612189,N,Y,41.859565,-87.6242683
MLS Listing,,Condo/Co-op,1600 S Indiana Ave #506,Chicago,IL,60616,325000,2,2.0,CHI - Near South Side,,,2006,42,,476,Active,,,https://www.redfin.com/IL/Chicago/1600-S-Indiana-Ave-60616/unit-506/home/26820549,MRED,11611400,N,Y,41.8598949,-87.6230088
MLS Listing,,Single Family Residential,1708 N Mcvicker Ave,Chicago,IL,60639,289999,4,1.0,CHI - Austin,2493,,1925,47,116,,Active,,,https://www.redfin.com/IL/Chicago/1708-N-McVicker-Ave-60639/home/13427673,MRED,11486575,N,Y,41.9113967,-87.7768137
MLS Listing,,Townhouse,1608 W Touhy Ave Unit A,Chicago,IL,60626,299999,3,2.0,CHI - Rogers Park,,,1959,47,,,Active,,,https://www.redfin.com/IL/Chicago/1608-W-Touhy-Ave-60626/unit-A/home/13571555,MRED,11479811,N,Y,42.0130448,-87.6706559
MLS Listing,,Condo/Co-op,2657 W Thomas St Unit 1E,Chicago,IL,60622,475000,3,3.0,CHI - West Town,1746,,2002,47,272,276,Active,,,https://www.redfin.com/IL/Chicago/2657-W-Thomas-St-60622/unit-1E/home/12657217,MRED,11607703,N,Y,41.90087,-87.694134
MLS Listing,,Single Family Residential,2826 W Warren Blvd,Chicago,IL,60612,489000,4,3.5,CHI - East Garfield Park,2388,2178,1895,47,205,,Active,,,https://www.redfin.com/IL/Chicago/2826-W-Warren-Blvd-60612/home/13259721,MRED,11490481,N,Y,41.8821993,-87.6972652
MLS Listing,,Single Family Residential,6353 S Kilpatrick Ave,Chicago,IL,60629,339900,5,2.5,Clear Ridge,1200,3746,1961,49,283,,Active,,,https://www.redfin.com/IL/Chicago/6353-S-Kilpatrick-Ave-60629/home/13994844,MRED,11492690,N,Y,41.7768758,-87.7395286
MLS Listing,,Condo/Co-op,802 W George St #2,Chicago,IL,60657,290000,2,1.0,Gaslight Village,900,,1908,50,322,471,Active,,,https://www.redfin.com/IL/Chicago/802-W-George-St-60657/unit-2/home/13363030,MRED,11489624,N,Y,41.934637,-87.6492741
MLS Listing,,Condo/Co-op,226 N Clinton St #225,Chicago,IL,60661,299900,1,1.0,CHI - Near West Side,760,,1996,50,395,408,Active,,,https://www.redfin.com/IL/Chicago/226-N-Clinton-St-60661/unit-225/home/12787630,MRED,11492235,N,Y,41.8862901,-87.6417042
MLS Listing,,Townhouse,934 E 48th St,Chicago,IL,60615,415000,3,2.5,CHI - Kenwood,1800,,2005,50,231,,Active,,,https://www.redfin.com/IL/Chicago/934-E-48th-St-60615/home/12678048,MRED,11492054,N,Y,41.8079369,-87.6024883
MLS Listing,,Condo/Co-op,1449 N Ashland Ave Unit 2R,Chicago,IL,60622,249900,2,1.0,CHI - West Town,800,,,53,312,188,Active,,,https://www.redfin.com/IL/Chicago/1449-N-Ashland-Ave-60622/unit-2R/home/18928359,MRED,11490230,N,Y,41.9084309,-87.6673119
MLS Listing,,Condo/Co-op,235 W Van Buren St #2313,Chicago,IL,60607,320000,2,1.0,CHI - Loop,,,2015,53,,396,Active,,,https://www.redfin.com/IL/Chicago/235-W-Van-Buren-St-60607/unit-2313/home/113099120,MRED,11490207,N,Y,41.8765303,-87.6347529
MLS Listing,,Condo/Co-op,1449 W Walton St #3,Chicago,IL,60642,424900,2,2.0,CHI - West Town,1200,,1997,53,354,166,Active,,,https://www.redfin.com/IL/Chicago/1449-W-Walton-St-60642/unit-3/home/12740919,MRED,11490123,N,Y,41.8986734,-87.6643888
MLS Listing,,Condo/Co-op,1250 S Michigan Ave #1101,Chicago,IL,60605,410500,2,2.0,CHI - Near South Side,1298,,2005,54,316,746,Active,,,https://www.redfin.com/IL/Chicago/1250-S-Michigan-Ave-60605/unit-1101/home/18946568,MRED,11486395,N,Y,41.8659823,-87.6243183
MLS Listing,,Condo/Co-op,400 E Randolph St #2906,Chicago,IL,60601,237000,1,1.0,CHI - Loop,650,,1967,54,365,478,Active,,,https://www.redfin.com/IL/Chicago/400-E-Randolph-St-60601/unit-2906/home/14094936,MRED,11482124,N,Y,41.885003,-87.6168638
MLS Listing,,Single Family Residential,6259 W Lawrence Ave,Chicago,IL,60630,419999,4,3.0,CHI - Portage Park,2452,,1956,54,171,,Active,,,https://www.redfin.com/IL/Chicago/6259-W-Lawrence-Ave-60630/home/13476425,MRED,11482662,N,Y,41.9672709,-87.784269
MLS Listing,,Condo/Co-op,401 E Ontario St #4204,Chicago,IL,60611,234000,1,1.0,CHI - Near North Side,775,,1990,54,302,680,Active,,,https://www.redfin.com/IL/Chicago/401-E-Ontario-St-60611/unit-4204/home/12765469,MRED,11489174,N,Y,41.893211,-87.616401
MLS Listing,,Single Family Residential,8524 S Seeley Ave,Chicago,IL,60620,235000,3,1.0,CHI - Auburn Gresham,900,,1947,54,261,,Active,,,https://www.redfin.com/IL/Chicago/8524-S-Seeley-Ave-60620/home/13907669,MRED,11488201,N,Y,41.7384943,-87.6743134
MLS Listing,,Condo/Co-op,211 E Ohio St #1607,Chicago,IL,60611,235999,1,1.0,CHI - Near North Side,770,,1984,55,306,589,Active,,,https://www.redfin.com/IL/Chicago/211-E-Ohio-St-60611/unit-1607/home/12764335,MRED,11488594,N,Y,41.8923975,-87.6216907
MLS Listing,,Condo/Co-op,4334 N Clarendon Ave #207,Chicago,IL,60613,196000,1,1.0,Boardwalk,,,1960,55,,345,Active,,,https://www.redfin.com/IL/Chicago/4334-N-Clarendon-Ave-60613/unit-207/home/13394266,MRED,11488014,N,Y,41.9613072,-87.6503276
MLS Listing,,Condo/Co-op,195 N Harbor Dr #4001,Chicago,IL,60601,470000,2,2.0,CHI - Loop,1221,,1996,56,385,1100,Active,,,https://www.redfin.com/IL/Chicago/195-N-Harbor-Dr-60601/unit-4001/home/14093402,MRED,11478402,N,Y,41.8856057,-87.6155531
MLS Listing,,Single Family Residential,949 N Karlov Ave,Chicago,IL,60651,270000,3,2.0,CHI - Humboldt Park,,,1913,57,,,Active,,,https://www.redfin.com/IL/Chicago/949-N-Karlov-Ave-60651/home/13282850,MRED,11486576,N,Y,41.8985931,-87.7283627
MLS Listing,,Multi-Family (2-4 Unit),3537 W Jackson Blvd,Chicago,IL,60624,525000,8,3.0,CHI - East Garfield Park,,3484,1901,61,,,Active,,,https://www.redfin.com/IL/Chicago/3537-W-Jackson-Blvd-60624/home/13256778,MRED,11474746,N,Y,41.8770057,-87.7150502
MLS Listing,,Multi-Family (2-4 Unit),2318 N Sacramento Ave,Chicago,IL,60647,1175000,7,6.0,CHI - Logan Square,,4356,1925,61,,,Active,,,https://www.redfin.com/IL/Chicago/2318-N-Sacramento-Ave-60647/home/13418463,MRED,11480377,N,Y,41.9238893,-87.7026549
MLS Listing,,Condo/Co-op,340 W Diversey Pkwy #1120,Chicago,IL,60657,360000,3,2.0,Commonwealth Plaza,1400,,1957,63,257,1270,Active,,,https://www.redfin.com/IL/Chicago/340-W-Diversey-Pkwy-60657/unit-1120/home/13369741,MRED,11444921,N,Y,41.9334139,-87.6389044
MLS Listing,,Single Family Residential,3613 W 64th Pl,Chicago,IL,60629,279900,3,1.5,CHI - West Lawn,1640,,1913,63,171,,Active,,,https://www.redfin.com/IL/Chicago/3613-W-64th-Pl-60629/home/13990916,MRED,11481355,N,Y,41.7758451,-87.7135863
MLS Listing,,Single Family Residential,8840 S Mozart Ave,Evergreen Park,IL,60805,264900,2,1.0,Evergreen Park,629,,1938,63,421,,Active,,,https://www.redfin.com/IL/Evergreen-Park/8840-S-Mozart-Ave-60805/home/13187947,MRED,11476857,N,Y,41.7322865,-87.6937712
MLS Listing,,Multi-Family (2-4 Unit),9024 S Houston Ave,Chicago,IL,60617,145000,5,3.0,CHI - South Chicago,,,1890,67,,,Active,,,https://www.redfin.com/IL/Chicago/9024-S-Houston-Ave-60617/home/13042455,MRED,11468295,N,Y,41.7311427,-87.550156
MLS Listing,,Single Family Residential,3358 S Leavitt St,Chicago,IL,60608,495000,3,2.0,CHI - McKinley Park,1232,,1890,67,402,,Active,,,https://www.redfin.com/IL/Chicago/3358-S-Leavitt-St-60608/home/14078135,MRED,11477836,N,Y,41.8322624,-87.6804749
MLS Listing,,Single Family Residential,9926 S Throop St,Chicago,IL,60643,255000,4,2.0,CHI - Washington Heights,1645,8015,1956,68,155,,Active,,,https://www.redfin.com/IL/Chicago/9926-S-Throop-St-60643/home/13094533,MRED,11477011,N,Y,41.7132749,-87.6557817
MLS Listing,,Condo/Co-op,65 E Monroe St #4312,Chicago,IL,60603,509000,2,2.0,CHI - Loop,1280,,2008,70,398,905,Active,,,https://www.redfin.com/IL/Chicago/65-E-Monroe-St-60603/unit-4312/home/39567215,MRED,11474948,N,Y,41.8806386,-87.6255308
MLS Listing,,Condo/Co-op,1525 S Sangamon St Unit 805-P,Chicago,IL,60608,519000,2,2.0,University Village,1600,,2001,81,324,870,Active,,,https://www.redfin.com/IL/Chicago/1525-S-Sangamon-St-60608/unit-805-P/home/12573413,MRED,11370278,N,Y,41.8607427,-87.6494388
MLS Listing,,Condo/Co-op,7231 N Damen Ave #2,Chicago,IL,60645,134999,2,1.0,CHI - Rogers Park,745,,1920,82,181,283,Active,,,https://www.redfin.com/IL/Chicago/7231-N-Damen-Ave-60645/unit-2/home/12636715,MRED,11454288,N,Y,42.0135143,-87.6799776
MLS Listing,,Multi-Family (2-4 Unit),8601 S Essex Ave,Chicago,IL,60617,245000,10,3.0,CHI - South Chicago,,3920,1920,59,,,Active,,,https://www.redfin.com/IL/Chicago/8601-S-Essex-Ave-60617/home/13212418,MRED,11458294,N,Y,41.7389239,-87.5633195
MLS Listing,,Single Family Residential,7224 N Hamilton Ave,Chicago,IL,60645,869000,6,3.5,CHI - West Ridge,4459,4356,2001,89,195,,Active,,,https://www.redfin.com/IL/Chicago/7224-N-Hamilton-Ave-60645/home/13572907,MRED,11454557,N,Y,42.0129909,-87.6854012
MLS Listing,,Condo/Co-op,118 E Erie St Unit 37H,Chicago,IL,60611,2800000,3,3.5,CHI - Near North Side,3661,,2014,89,765,6579,Active,,,https://www.redfin.com/IL/Chicago/118-E-Erie-St-60611/unit-37H/home/113099537,MRED,11444036,N,Y,41.8942887,-87.6246388
MLS Listing,,Condo/Co-op,5036 W Pensacola Ave #302,Chicago,IL,60641,299000,2,2.0,CHI - Portage Park,1357,,2007,89,220,360,Active,,,https://www.redfin.com/IL/Chicago/5036-W-Pensacola-Ave-60641/unit-302/home/12609147,MRED,11448220,N,Y,41.9599164,-87.7534847
MLS Listing,,Condo/Co-op,1464 S Michigan Ave #301,Chicago,IL,60605,538000,3,2.0,CHI - Near South Side,1387,,2008,89,388,711,Active,,,https://www.redfin.com/IL/Chicago/1464-S-Michigan-Ave-60605/unit-301/home/39570940,MRED,11368741,N,Y,41.8622613,-87.624234
MLS Listing,,Condo/Co-op,945 N Honore St #1,Chicago,IL,60622,779399,3,2.5,CHI - West Town,2700,,2002,96,289,227,Active,,,https://www.redfin.com/IL/Chicago/945-N-Honore-St-60622/unit-1/home/12707114,MRED,11444781,N,Y,41.8990937,-87.6731731
MLS Listing,,Condo/Co-op,5019 River Rd Unit 1W,Schiller Park,IL,60176,169900,2,1.0,Schiller Park,850,,1968,97,200,200,Active,,,https://www.redfin.com/IL/Schiller-Park/5019-River-Rd-60176/unit-1W/home/12609923,MRED,11447884,N,Y,41.9699422,-87.8610753
MLS Listing,,Single Family Residential,10527 S Oakley Ave,Chicago,IL,60643,375900,3,1.5,CHI - Beverly,2198,6141,1933,105,171,,Active,October-8-2022 01:00 PM,October-8-2022 03:00 PM,https://www.redfin.com/IL/Chicago/10527-S-Oakley-Ave-60643/home/13072626,MRED,11441539,N,Y,41.7019484,-87.6787972
MLS Listing,,Single Family Residential,2104 N Cleveland Ave,Chicago,IL,60614,2800000,5,4.0,CHI - Lincoln Park,4709,3484,1977,110,595,,Active,,,https://www.redfin.com/IL/Chicago/2104-N-Cleveland-Ave-60614/home/13349768,MRED,11282179,N,Y,41.9204665,-87.641556
MLS Listing,,Multi-Family (2-4 Unit),1145 W 17th St,Chicago,IL,60608,299999,5,2.0,CHI - Lower West Side,,2613,1885,116,,,Active,,,https://www.redfin.com/IL/Chicago/1145-W-17th-St-60608/home/14085909,MRED,11422536,N,Y,41.8587114,-87.655195
MLS Listing,,Condo/Co-op,1510 N Greenview Ave Unit 2F,Chicago,IL,60642,228000,1,1.0,CHI - West Town,700,,2004,117,326,116,Active,,,https://www.redfin.com/IL/Chicago/1510-N-Greenview-Ave-60642/unit-2F/home/18928361,MRED,11428224,N,Y,41.9092364,-87.6654537
MLS Listing,,Single Family Residential,12027 Ann St,Blue Island,IL,60406,209900,5,2.0,Blue Island,1596,3179,1955,87,132,,Active,,,https://www.redfin.com/IL/Blue-Island/12027-Ann-St-60406/home/13131851,MRED,11392843,N,Y,41.6746004,-87.6839842
MLS Listing,,Single Family Residential,3306 W Pierce Ave,Chicago,IL,60651,640000,2,1.5,CHI - Humboldt Park,1825,5309,1950,113,351,,Active,,,https://www.redfin.com/IL/Chicago/3306-W-Pierce-Ave-60651/home/13285637,MRED,11301211,N,Y,41.9093488,-87.709853
Redfin Data,,Condo/Co-op,1622 N Mozart St Unit 1N,Chicago,IL,60647,465000,3,3.0,Chicago,2200,,2003,1,211,232,Pre On-Market,,,https://www.redfin.com/IL/Chicago/1622-N-Mozart-St-60647/unit-1N/home/12602442,Coming Soon,89620,N,Y,41.9109693,-87.6983077
Redfin Data,,Single Family Residential,4047 N Drake Ave,Chicago,IL,60618,459999,4,1.5,Chicago,1215,3150,1904,4,379,,Pre On-Market,,,https://www.redfin.com/IL/Chicago/4047-N-Drake-Ave-60618/home/13482886,Coming Soon,89568,N,Y,41.9552302,-87.7163447
Redfin Data,,Single Family Residential,3638 N Oconto Ave,Chicago,IL,60634,410000,3,2.0,Chicago,1624,4477,1946,5,252,,Pre On-Market,,,https://www.redfin.com/IL/Chicago/3638-N-Oconto-Ave-60634/home/13543603,Coming Soon,89541,N,Y,41.9464027,-87.8085479
Redfin Data,,Multi-Family (2-4 Unit),9035 S Exchange Ave,Chicago,IL,60617,375000,11,3.0,Chicago,,3475,1891,6,,,Pre On-Market,,,https://www.redfin.com/IL/Chicago/9035-S-Exchange-Ave-60617/home/13043013,Coming Soon,89519,N,Y,41.7308416,-87.5524544
Redfin Data,,Townhouse,3759 S Morgan St Unit C,Chicago,IL,60609,500000,4,2.5,Chicago,2700,,2016,7,185,275,Pre On-Market,,,https://www.redfin.com/IL/Chicago/3759-S-Morgan-St-60609/unit-C/home/144510515,Coming Soon,89511,N,Y,41.825915,-87.6500589
Redfin Data,,Single Family Residential,5004 N Tripp Ave,Chicago,IL,60630,369999,3,1.5,Chicago,1419,3810,1927,7,261,,Pre On-Market,,,https://www.redfin.com/IL/Chicago/5004-N-Tripp-Ave-60630/home/13495548,Coming Soon,89505,N,Y,41.9720332,-87.734595
Redfin Data,,Condo/Co-op,"1908 W Irving Park Rd., #404",Chicago,IL,60613,649000,3,2.0,Chicago,1600,,2003,25,406,310,Pre On-Market,,,https://www.redfin.com/IL/Chicago/1908-W-Irving-Park-Rd-60613/unit-404/home/12663755,Coming Soon,89171,N,Y,41.954482,-87.676816
Redfin Data,,Condo/Co-op,3950 N Lake Shore Dr #718,Chicago,IL,60613,140000,1,1.0,Chicago,850,,,62,165,685,Pre On-Market,,,https://www.redfin.com/IL/Chicago/3950-N-Lake-Shore-Dr-60613/unit-718/home/13380743,Coming Soon,88294,N,Y,41.954247,-87.6458578
MLS Listing,,Condo/Co-op,1011 N Dearborn St,Chicago,IL,60610,1795000,5,4.5,CHI - Near North Side,5239,,2008,1,343,684,Active,,,https://www.redfin.com/IL/Chicago/1011-N-Dearborn-St-60610/home/26812173,MRED,11482670,N,Y,41.900991,-87.6292871
MLS Listing,,Single Family Residential,6024 N Keating Ave,Chicago,IL,60646,489000,5,2.0,CHI - Forest Glen,2300,4090,1952,1,213,,Active,October-9-2022 12:00 PM,October-9-2022 02:00 PM,https://www.redfin.com/IL/Chicago/6024-N-Keating-Ave-60646/home/13514992,MRED,11644909,N,Y,41.9907017,-87.7473955
MLS Listing,,Condo/Co-op,1335 S Prairie Ave #1606,Chicago,IL,60605,645000,3,2.5,Museum Park Tower,1792,,2003,1,360,922,Active,,,https://www.redfin.com/IL/Chicago/1335-S-Prairie-Ave-60605/unit-1606/home/12673458,MRED,11644914,N,Y,41.864405,-87.620672
MLS Listing,,Condo/Co-op,30 E Huron St #1501,Chicago,IL,60611,255000,1,1.0,CHI - Near North Side,850,,1980,1,300,633,Active,,,https://www.redfin.com/IL/Chicago/30-E-Huron-St-60611/unit-1501/home/12631436,MRED,11644910,N,Y,41.8951123,-87.6266389
MLS Listing,,Condo/Co-op,6616 W 64th Pl Unit 3B,Chicago,IL,60638,129900,2,1.5,Clear Ridge,1000,,1974,1,130,247,Active,,,https://www.redfin.com/IL/Chicago/6616-W-64th-Pl-60638/unit-3B/home/182120035,MRED,11644898,N,Y,41.7750395,-87.7867479
MLS Listing,,Condo/Co-op,1144 W Pratt Blvd Unit GS,Chicago,IL,60626,274000,3,2.0,CHI - Rogers Park,1500,,1920,1,183,385,Active,,,https://www.redfin.com/IL/Chicago/1144-W-Pratt-Blvd-60626/unit-GS/home/26803206,MRED,11644884,N,Y,42.0057567,-87.6601085
MLS Listing,,Single Family Residential,4855 W 85th St,Burbank,IL,60459,445000,4,3.0,Burbank / Nottingham Park,2783,,1997,1,160,,Active,,,https://www.redfin.com/IL/Burbank/4855-W-85th-St-60459/home/13971597,MRED,11644873,N,Y,41.7378996,-87.7431534
MLS Listing,,Single Family Residential,1520 W 71st St,Chicago,IL,60636,94500,4,2.5,CHI - West Englewood,1500,3123,1910,1,63,,Active,,,https://www.redfin.com/IL/Chicago/1520-W-71st-St-60636/home/13932914,MRED,11644863,N,Y,41.7651034,-87.6622552
MLS Listing,,Single Family Residential,7732-34 S Maryland Ave,Chicago,IL,60619,69000,4,1.0,CHI - Greater Grand Crossing,1100,,1891,1,63,,Active,,,https://www.redfin.com/IL/Chicago/7732-S-Maryland-Ave-60619/home/13920912,MRED,11644864,N,Y,41.7539564,-87.6042793
MLS Listing,,Condo/Co-op,1440 N Lake Shore Dr Unit 12E,Chicago,IL,60610,500000,2,2.0,CHI - Near North Side,1515,,1965,1,330,1425,Active,,,https://www.redfin.com/IL/Chicago/1440-N-Lake-Shore-Dr-60610/unit-12E/home/14125176,MRED,11644857,N,Y,41.9089622,-87.6266981
MLS Listing,,Multi-Family (2-4 Unit),2455 W Winona St,Chicago,IL,60625,749900,5,3.0,CHI - Lincoln Square,,,1895,1,,,Active,October-9-2022 12:00 PM,October-9-2022 02:00 PM,https://www.redfin.com/IL/Chicago/2455-W-Winona-St-60625/home/12609226,MRED,11644855,N,Y,41.9747175,-87.6912778
MLS Listing,,Condo/Co-op,1629 S Prairie Ave #1702,Chicago,IL,60616,460000,2,2.0,CHI - Near South Side,1323,,2009,1,348,708,Active,,,https://www.redfin.com/IL/Chicago/1629-S-Prairie-Ave-60616/unit-1702/home/39572742,MRED,11644850,N,Y,41.8594779,-87.6205433
MLS Listing,,Single Family Residential,9304 S Forest Ave,Chicago,IL,60619,275000,4,2.0,CHI - Roseland,1061,,1961,1,259,,Active,,,https://www.redfin.com/IL/Chicago/9304-S-Forest-Ave-60619/home/13109186,MRED,11644838,N,Y,41.7252709,-87.6169217
MLS Listing,,Single Family Residential,9347 S Colfax Ave,Chicago,IL,60617,259900,4,2.0,CHI - Calumet Heights,1472,4726,1930,1,177,,Active,,,https://www.redfin.com/IL/Chicago/9347-S-Colfax-Ave-60617/home/13041492,MRED,11644829,N,Y,41.724908,-87.5605391
MLS Listing,,Condo/Co-op,233 E Erie St #2409,Chicago,IL,60611,155000,1,1.0,CHI - Near North Side,,,1970,1,,525,Active,,,https://www.redfin.com/IL/Chicago/233-E-Erie-St-60611/unit-2409/home/14097572,MRED,11644815,N,Y,41.8939762,-87.6216083
MLS Listing,,Condo/Co-op,4700 N Western Ave Unit 3F,Chicago,IL,60625,295000,1,1.5,CHI - Lincoln Square,1000,,2002,1,295,322,Active,,,https://www.redfin.com/IL/Chicago/4700-N-Western-Ave-60625/unit-3F/home/12627941,MRED,11644809,N,Y,41.9662,-87.6884446
MLS Listing,,Condo/Co-op,155 N Harbor Dr #2913,Chicago,IL,60601,579500,1,2.0,CHI - Loop,1069,,1974,1,542,859,Active,,,https://www.redfin.com/IL/Chicago/155-N-Harbor-Dr-60601/unit-2913/home/14093204,MRED,11459832,N,Y,41.8848951,-87.6153982
MLS Listing,,Single Family Residential,5419 W Rosedale Ave,Chicago,IL,60646,359000,3,2.0,Indian Woods,1300,3750,1953,1,276,,Active,,,https://www.redfin.com/IL/Chicago/5419-W-Rosedale-Ave-60646/home/13512121,MRED,11644798,N,Y,41.9866203,-87.7641676
MLS Listing,,Single Family Residential,3639 N Wayne Ave,Chicago,IL,60613,2995000,5,5.5,CHI - Lake View,5600,4133,2012,1,535,,Active,,,https://www.redfin.com/IL/Chicago/3639-N-Wayne-Ave-60613/home/40350591,MRED,11644800,N,Y,41.9482657,-87.662543
MLS Listing,,Condo/Co-op,5700 W Montrose Ave Unit 1D,Chicago,IL,60634,175000,2,1.0,CHI - Portage Park,880,,1969,1,199,353,Active,,,https://www.redfin.com/IL/Chicago/5700-W-Montrose-Ave-60634/unit-1D/home/12793945,MRED,11644792,N,Y,41.9607337,-87.769925
MLS Listing,,Single Family Residential,10205 S Homan Ave,Evergreen Park,IL,60805,325000,4,1.5,Evergreen Park,2128,4878,1948,1,153,,Active,,,https://www.redfin.com/IL/Evergreen-Park/10205-S-Homan-Ave-60805/home/13161743,MRED,11644787,N,Y,41.7077134,-87.7060424
MLS Listing,,Condo/Co-op,225 N Columbus Dr #5809,Chicago,IL,60601,400000,1,1.0,CHI - Loop,687,,2009,1,582,550,Active,,,https://www.redfin.com/IL/Chicago/225-N-Columbus-Dr-60601/unit-5809/home/52637966,MRED,11644771,N,Y,41.8864623,-87.6201026
MLS Listing,,Townhouse,446 W Superior St,Chicago,IL,60654,1750000,4,4.0,City Club,4063,,2002,1,431,602,Active,,,https://www.redfin.com/IL/Chicago/446-W-Superior-St-60654/home/12564828,MRED,11644769,N,Y,41.8957054,-87.6404722
MLS Listing,,Condo/Co-op,2909 N Sheridan Rd #408,Chicago,IL,60657,165000,1,1.0,CHI - Lake View,,,1954,1,,541,Active,,,https://www.redfin.com/IL/Chicago/2909-N-Sheridan-Rd-60657/unit-408/home/13369837,MRED,11644764,N,Y,41.9347042,-87.6390529
MLS Listing,,Single Family Residential,3854 N Claremont Ave,Chicago,IL,60618,2200000,6,5.0,CHI - North Center,5100,3720,2022,1,431,,Active,,,https://www.redfin.com/IL/Chicago/3854-N-Claremont-Ave-60618/home/13389599,MRED,11644762,N,Y,41.9520115,-87.6874466
MLS Listing,,Condo/Co-op,200 E Delaware St Unit 13C,Chicago,IL,60611,520000,2,2.0,CHI - Near North Side,1550,,1972,1,335,1503,Active,,,https://www.redfin.com/IL/Chicago/200-E-Delaware-Pl-60611/unit-13C/home/14120788,MRED,11644760,N,Y,41.8995075,-87.6211813
MLS Listing,,Condo/Co-op,3140 N Sheffield Ave #408,Chicago,IL,60657,499000,2,2.0,CHI - Lake View,,,2006,1,,369,Active,,,https://www.redfin.com/IL/Chicago/3140-N-Sheffield-Ave-60657/unit-408/home/26808974,MRED,11644759,N,Y,41.9393471,-87.654248
MLS Listing,,Single Family Residential,3855 W Marquette Rd,Chicago,IL,60629,325000,4,2.0,CHI - West Lawn,933,,,1,348,,Active,,,https://www.redfin.com/IL/Chicago/3855-W-Marquette-Rd-60629/home/13990675,MRED,11644754,N,Y,41.7711897,-87.7197822
MLS Listing,,Single Family Residential,7433 S Prairie Ave,Chicago,IL,60619,250000,3,1.5,CHI - Greater Grand Crossing,1398,5279,1958,1,179,,Active,,,https://www.redfin.com/IL/Chicago/7433-S-Prairie-Ave-60619/home/13920184,MRED,11644750,N,Y,41.7592374,-87.6180579
MLS Listing,,Condo/Co-op,2901 N Fairfield Ave Unit 2N,Chicago,IL,60618,367500,2,2.0,CHI - Avondale,1200,,2001,1,306,300,Active,,,https://www.redfin.com/IL/Chicago/2901-N-Fairfield-Ave-60618/unit-2N/home/12668639,MRED,11644749,N,Y,41.9340727,-87.6961788
MLS Listing,,Condo/Co-op,1819 S Michigan Ave #504,Chicago,IL,60616,242500,1,1.0,CHI - Near South Side,850,,2006,1,285,417,Active,October-8-2022 11:00 AM,October-8-2022 01:00 PM,https://www.redfin.com/IL/Chicago/1819-S-Michigan-Ave-60616/unit-504/home/26821309,MRED,11644753,N,Y,41.8572608,-87.6236009
MLS Listing,,Multi-Family (2-4 Unit),3009 W 54th Pl,Chicago,IL,60632,369000,7,3.0,CHI - Gage Park,,,1955,1,,,Active,,,https://www.redfin.com/IL/Chicago/3009-W-54th-Pl-60632/home/14016677,MRED,11644733,N,Y,41.7942968,-87.6991324
MLS Listing,,Single Family Residential,6333 W Fitch Ave,Chicago,IL,60646,369000,3,2.0,Edgebrook,1205,5288,1954,1,306,,Active,,,https://www.redfin.com/IL/Chicago/6333-W-Fitch-Ave-60646/home/13593671,MRED,11644725,N,Y,42.0108469,-87.7856715
MLS Listing,,Single Family Residential,10456 S Bell Ave,Chicago,IL,60643,639900,4,3.0,CHI - Beverly,2904,6159,1929,1,220,,Active,,,https://www.redfin.com/IL/Chicago/10456-S-Bell-Ave-60643/home/13072901,MRED,11644711,N,Y,41.7029547,-87.6781652
MLS Listing,,Condo/Co-op,7425 N Ridge Blvd Unit 2G,Chicago,IL,60645,175000,2,1.0,CHI - Rogers Park,1100,,1965,1,159,340,Active,,,https://www.redfin.com/IL/Chicago/7425-N-Ridge-Blvd-60645/unit-2G/home/182118676,MRED,11644709,N,Y,42.0168283,-87.6838951
MLS Listing,,Single Family Residential,3517 W 72nd Pl,Chicago,IL,60629,219000,3,1.0,CHI - Chicago Lawn,3750,3750,1954,1,58,,Active,,,https://www.redfin.com/IL/Chicago/3517-W-72nd-Pl-60629/home/13984257,MRED,11644706,N,Y,41.761338,-87.7108152
MLS Listing,,Multi-Family (2-4 Unit),,Chicago,IL,60641,494000,9,3.0,CHI - Portage Park,,,,1,,,Active,,,https://www.redfin.com/IL/Chicago/Undisclosed-address-60641/home/13461198,MRED,11644708,N,Y,41.943447,-87.7575933
MLS Listing,,Condo/Co-op,3417 N Wolcott Ave #1,Chicago,IL,60657,319000,2,1.0,CHI - North Center,,,,1,,248,Active,October-8-2022 12:00 PM,October-8-2022 02:00 PM,https://www.redfin.com/IL/Chicago/3417-N-Wolcott-Ave-60657/unit-1/home/12617865,MRED,11644692,N,Y,41.9439031,-87.6758314
MLS Listing,,Condo/Co-op,2221 W Arthur Ave #3,Chicago,IL,60645,74900,1,1.0,CHI - West Ridge,,,1928,1,,393,Active,,,https://www.redfin.com/IL/Chicago/2221-W-Arthur-Ave-60645/unit-3/home/13570095,MRED,11644680,N,Y,41.9993155,-87.6860636
MLS Listing,,Condo/Co-op,6301 N Sheridan Rd Unit 22K,Chicago,IL,60660,169900,1,1.5,CHI - Edgewater,950,,1963,1,179,735,Active,,,https://www.redfin.com/IL/Chicago/6301-N-Sheridan-Rd-60660/unit-22K/home/13412358,MRED,11644682,N,Y,41.9967345,-87.6550688
MLS Listing,,Condo/Co-op,260 E Chestnut St #1210,Chicago,IL,60611,364900,1,1.0,Plaza on DeWitt,850,,1965,1,429,745,Active,,,https://www.redfin.com/IL/Chicago/260-E-Chestnut-St-60611/unit-1210/home/14118105,MRED,11644679,N,Y,41.8986644,-87.6196021
MLS Listing,,Condo/Co-op,2772 E 75th St Unit N2G,Chicago,IL,60649,149000,2,2.0,CHI - South Shore,1100,,1964,1,135,365,Active,,,https://www.redfin.com/IL/Chicago/2772-E-75th-St-60649/unit-N2G/home/178529204,MRED,11644671,N,Y,41.7612463,-87.5563955
MLS Listing,,Condo/Co-op,5236 N Kenmore Ave Unit 3S,Chicago,IL,60640,610000,3,2.0,CHI - Edgewater,1600,,2018,1,381,169,Active,October-8-2022 12:00 PM,October-8-2022 02:00 PM,https://www.redfin.com/IL/Chicago/5236-N-Kenmore-Ave-60640/unit-3S/home/113108164,MRED,11644672,N,Y,41.9774917,-87.6568286
MLS Listing,,Condo/Co-op,1209 N Astor St Unit 6S,Chicago,IL,60610,850000,3,3.0,CHI - Near North Side,2450,,1926,1,347,4630,Active,,,https://www.redfin.com/IL/Chicago/1209-N-Astor-St-60610/unit-6S/home/41393158,MRED,11644670,N,Y,41.9044896,-87.6267156
MLS Listing,,Condo/Co-op,1601 S State St Unit 6F,Chicago,IL,60616,269900,1,1.5,CHI - Near South Side,1000,,2004,1,270,421,Active,,,https://www.redfin.com/IL/Chicago/1601-S-State-St-60616/unit-6F/home/177528755,MRED,11644653,N,Y,41.8599299,-87.6268884
MLS Listing,,Single Family Residential,4316 W Ainslie St,Chicago,IL,60630,290000,4,2.0,CHI - Albany Park,,3057,1925,1,,,Active,,,https://www.redfin.com/IL/Chicago/4316-W-Ainslie-St-60630/home/13495537,MRED,11644645,N,Y,41.9702121,-87.7362164
MLS Listing,,Condo/Co-op,1240 N Lake Shore Dr Unit 19B,Chicago,IL,60610,695000,3,3.0,CHI - Near North Side,2000,,1965,1,348,1908,Active,,,https://www.redfin.com/IL/Chicago/1240-N-Lake-Shore-Dr-60610/unit-19B/home/14124724,MRED,11644646,N,Y,41.905113,-87.62552
MLS Listing,,Condo/Co-op,544 N Milwaukee Ave #502,Chicago,IL,60642,399950,2,2.0,Bella Como,1141,,2005,1,351,544,Active,,,https://www.redfin.com/IL/Chicago/544-N-Milwaukee-Ave-60642/unit-502/home/12614453,MRED,11644640,N,Y,41.8919865,-87.6492864
MLS Listing,,Multi-Family (2-4 Unit),2647 S Keeler Ave,Chicago,IL,60623,239000,4,2.0,Little Village,,,1910,1,,,Active,,,https://www.redfin.com/IL/Chicago/2647-S-Keeler-Ave-60623/home/22806931,MRED,11644634,N,Y,41.8427692,-87.7291321
MLS Listing,,Single Family Residential,701 E 92nd Pl,Chicago,IL,60619,227900,4,3.0,CHI - Chatham,1744,3977,1905,1,131,,Active,,,https://www.redfin.com/IL/Chicago/701-E-92nd-Pl-60619/home/13109128,MRED,11644627,N,Y,41.7263834,-87.6068157
MLS Listing,,Single Family Residential,2702 N Troy St,Chicago,IL,60647,1625000,4,3.5,CHI - Logan Square,3200,3149,1903,1,508,,Active,,,https://www.redfin.com/IL/Chicago/2702-N-Troy-St-60647/home/181281209,MRED,11644624,N,Y,41.9304003,-87.7064464
MLS Listing,,Condo/Co-op,2040 N Burling St #3,Chicago,IL,60614,1700000,3,2.5,CHI - Lincoln Park,2750,,2016,1,618,590,Active,,,https://www.redfin.com/IL/Chicago/2040-N-Burling-St-60614/unit-3/home/13349182,MRED,11644620,N,Y,41.9193929,-87.6476177
MLS Listing,,Condo/Co-op,130 S Canal St Unit 10T,Chicago,IL,60606,650000,2,2.5,CHI - Near West Side,2100,,1949,1,310,1355,Active,,,https://www.redfin.com/IL/Chicago/130-S-Canal-St-60606/unit-10T/home/12764814,MRED,11644623,N,Y,41.8796753,-87.6399445
MLS Listing,,Condo/Co-op,1530 S State St #503,Chicago,IL,60605,319000,2,2.0,Dearborn Tower,1205,,2001,1,265,613,Active,,,https://www.redfin.com/IL/Chicago/1530-S-State-St-60605/unit-503/home/12673309,MRED,11644618,N,Y,41.8612054,-87.6284311
MLS Listing,,Condo/Co-op,2116 W Chicago Ave Unit 3W,Chicago,IL,60622,899000,3,3.5,CHI - West Town,,,2017,1,,265,Active,October-8-2022 11:00 AM,October-8-2022 12:30 PM,https://www.redfin.com/IL/Chicago/2116-W-Chicago-Ave-60622/unit-3W/home/113747630,MRED,11644617,N,Y,41.8961006,-87.6801102
MLS Listing,,Single Family Residential,7709 S Wood St,Chicago,IL,60620,259900,5,2.0,CHI - Auburn Gresham,1152,3750,1924,1,226,,Active,,,https://www.redfin.com/IL/Chicago/7709-S-Wood-St-60620/home/13909644,MRED,11644613,N,Y,41.7535645,-87.6680728
MLS Listing,,Condo/Co-op,2933 N Clybourn Ave #201,Chicago,IL,60618,299000,2,2.0,CHI - North Center,1200,,2004,1,249,276,Active,,,https://www.redfin.com/IL/Chicago/2933-N-Clybourn-Ave-60618/unit-201/home/12687983,MRED,11644606,N,Y,41.9351051,-87.6814967
MLS Listing,,Condo/Co-op,1617 S Michigan Ave #7,Chicago,IL,60616,775000,3,3.0,CHI - Near South Side,2600,,1946,1,298,592,Active,,,https://www.redfin.com/IL/Chicago/1617-S-Michigan-Ave-60616/unit-7/home/182117971,MRED,11644602,N,Y,41.8598003,-87.6234795
MLS Listing,,Single Family Residential,11636 S Harvard Ave,Chicago,IL,60628,184900,4,2.0,CHI - West Pullman,1100,3075,1967,1,168,,Active,,,https://www.redfin.com/IL/Chicago/11636-S-Harvard-Ave-60628/home/13062324,MRED,11644599,N,Y,41.6823595,-87.6314981
MLS Listing,,Single Family Residential,2037 W 80th St,Chicago,IL,60620,269900,4,3.0,CHI - Auburn Gresham,1200,3720,1929,1,225,,Active,,,https://www.redfin.com/IL/Chicago/2037-W-80th-St-60620/home/13909036,MRED,11644589,N,Y,41.7481967,-87.6745637
MLS Listing,,Multi-Family (2-4 Unit),4519 S Laflin St,Chicago,IL,60609,85000,3,2.0,CHI - New City,,,,1,,,Active,,,https://www.redfin.com/IL/Chicago/4519-S-Laflin-St-60609/home/13959250,MRED,11644585,N,Y,41.811668,-87.6623322
MLS Listing,,Single Family Residential,10452 S Campbell Ave,Chicago,IL,60655,545000,5,3.0,CHI - Beverly,3100,5000,1928,1,176,,Active,,,https://www.redfin.com/IL/Chicago/10452-S-Campbell-Ave-60655/home/13158418,MRED,11644577,N,Y,41.703007,-87.6842908
MLS Listing,,Condo/Co-op,30 W Oak St Unit 9A,Chicago,IL,60610,3000000,3,4.5,CHI - Near North Side,3350,,2006,1,896,2800,Active,,,https://www.redfin.com/IL/Chicago/30-W-Oak-St-60610/unit-9A/home/18926847,MRED,11644567,N,Y,41.9008046,-87.6294752
MLS Listing,,Single Family Residential,2317 W Ohio St,Chicago,IL,60612,999000,4,3.5,CHI - West Town,3000,2500,1905,1,333,,Active,,,https://www.redfin.com/IL/Chicago/2317-W-Ohio-St-60612/home/14105131,MRED,11644570,N,Y,41.8919544,-87.684982
MLS Listing,,Single Family Residential,5855 N Lacey Ave,Chicago,IL,60646,649900,3,2.5,CHI - Forest Glen,1941,8398,1951,1,335,,Active,,,https://www.redfin.com/IL/Chicago/5855-N-Lacey-Ave-60646/home/13512633,MRED,11644566,N,Y,41.9883627,-87.7542866
MLS Listing,,Condo/Co-op,4819 S Prairie Ave #2,Chicago,IL,60615,217500,3,2.0,CHI - Grand Boulevard,1300,,1905,1,167,315,Active,October-8-2022 11:00 AM,October-8-2022 01:00 PM,https://www.redfin.com/IL/Chicago/4819-S-Prairie-Ave-60615/unit-2/home/21810695,MRED,11644553,N,Y,41.8069992,-87.6191724
MLS Listing,,Multi-Family (2-4 Unit),520 N Central Ave,Chicago,IL,60644,390000,11,5.5,CHI - Austin,,,1890,1,,,Active,,,https://www.redfin.com/IL/Chicago/520-N-Central-Ave-60644/home/13266464,MRED,11644549,N,Y,41.8899507,-87.7654888
MLS Listing,,Condo/Co-op,155 N Harbor Dr #1204,Chicago,IL,60601,400000,1,1.5,Harbor Point,1000,,1974,1,400,811,Active,,,https://www.redfin.com/IL/Chicago/155-N-Harbor-Dr-60601/unit-1204/home/14093568,MRED,11644546,N,Y,41.8848951,-87.6153982
MLS Listing,,Condo/Co-op,1717 S Prairie Ave #2008,Chicago,IL,60616,245000,1,1.0,CHI - Near South Side,791,,2003,1,310,592,Active,,,https://www.redfin.com/IL/Chicago/1717-S-Prairie-Ave-60616/unit-2008/home/12644746,MRED,11644540,N,Y,41.8584253,-87.6198331
MLS Listing,,Single Family Residential,4921 S Prairie Ave,Chicago,IL,60615,399900,5,2.0,CHI - Grand Boulevard,4500,7923,1885,1,89,,Active,,,https://www.redfin.com/IL/Chicago/4921-S-Prairie-Ave-60615/home/179424997,MRED,11644542,N,Y,41.8049975,-87.6190429
MLS Listing,,Single Family Residential,6123 W 64th St,Chicago,IL,60638,359000,3,2.5,CHI - Clearing,1200,,1963,1,299,,Active,,,https://www.redfin.com/IL/Chicago/6123-W-64th-St-60638/home/13996226,MRED,11644535,N,Y,41.7757615,-87.7748151
MLS Listing,,Condo/Co-op,1232 N Bosworth Ave #102,Chicago,IL,60642,770000,3,2.5,CHI - West Town,,,2020,1,,440,Active,October-8-2022 11:00 AM,October-8-2022 01:00 PM,https://www.redfin.com/IL/Chicago/1232-N-Bosworth-Ave-60642/unit-102/home/181490813,MRED,11644526,N,Y,41.904406,-87.666535
MLS Listing,,Single Family Residential,2309 N Geneva Ter,Chicago,IL,60614,3535000,6,6.5,CHI - Lincoln Park,9000,2574,1889,1,393,,Active,,,https://www.redfin.com/IL/Chicago/2309-N-Geneva-Ter-60614/home/13350932,MRED,11644528,N,Y,41.9241175,-87.6436681
MLS Listing,,Condo/Co-op,2626 N Lakeview Ave #1001,Chicago,IL,60614,295000,2,2.0,CHI - Lincoln Park,,,1968,1,,990,Active,,,https://www.redfin.com/IL/Chicago/2626-N-Lakeview-Ave-60614/unit-1001/home/13366496,MRED,11644524,N,Y,41.9303836,-87.639729
MLS Listing,,Single Family Residential,1325 W Birchwood Ave,Chicago,IL,60626,165000,2,1.0,CHI - Rogers Park,1000,,1967,1,165,265,Active,,,https://www.redfin.com/IL/Chicago/1325-W-Birchwood-Ave-60626/home/182116624,MRED,11644518,N,Y,42.0179244,-87.6643643
MLS Listing,,Multi-Family (2-4 Unit),3021 E 138th Pl,Burnham,IL,60633,339000,6,4.0,Burnham,,9583,1904,1,,,Active,,,https://www.redfin.com/IL/Chicago/3021-138th-Pl-60633/home/147924436,MRED,11644510,N,Y,41.6443376,-87.5443178
MLS Listing,,Multi-Family (2-4 Unit),2952 S Bonaparte St,Chicago,IL,60608,450000,4,2.0,CHI - Bridgeport,,,1885,1,,,Active,,,https://www.redfin.com/IL/Chicago/2952-S-Bonaparte-St-60608/home/182116363,MRED,11644508,N,Y,41.8402465,-87.6592883
MLS Listing,,Townhouse,1137 W Monroe St #4,Chicago,IL,60607,1199900,4,4.5,CHI - Near West Side,3139,,2007,1,382,400,Active,,,https://www.redfin.com/IL/Chicago/1137-W-Monroe-St-60607/unit-4/home/12595898,MRED,11644506,N,Y,41.8799818,-87.6563246
MLS Listing,,Townhouse,1655 W Cortez St,Chicago,IL,60622,499900,3,2.0,CHI - West Town,1550,,1997,1,323,80,Active,,,https://www.redfin.com/IL/Chicago/1655-W-Cortez-St-60622/home/12788979,MRED,11644505,N,Y,41.9008791,-87.6695169
MLS Listing,,Condo/Co-op,10 E Schiller St Unit 1E,Chicago,IL,60610,1399500,4,3.0,CHI - Near North Side,3000,,1917,1,467,2528,Active,,,https://www.redfin.com/IL/Chicago/10-E-Schiller-St-60610/unit-1E/home/177938921,MRED,11644502,N,Y,41.9079537,-87.628372
MLS Listing,,Condo/Co-op,233 E 13th St #2107,Chicago,IL,60605,549000,2,2.0,Museum Park,1386,,2005,1,396,699,Active,,,https://www.redfin.com/IL/Chicago/233-E-13th-St-60605/unit-2107/home/12645615,MRED,11644477,N,Y,41.8654277,-87.6208362
MLS Listing,,Condo/Co-op,1340 N Dearborn St Unit 14A,Chicago,IL,60610,239000,1,1.0,CHI - Near North Side,820,,1969,1,291,462,Active,,,https://www.redfin.com/IL/Chicago/1340-N-Dearborn-St-60610/unit-14A/home/14113283,MRED,11644489,N,Y,41.906948,-87.6304758
MLS Listing,,Condo/Co-op,420 E Waterside Dr #3014,Chicago,IL,60601,1080000,3,3.0,Regatta,1887,,2007,1,572,1258,Active,,,https://www.redfin.com/IL/Chicago/420-E-Waterside-Dr-60601/unit-3014/home/18938871,MRED,11644465,N,Y,41.8870911,-87.6163031
MLS Listing,,Single Family Residential,9317 S Perry Ave,Chicago,IL,60620,42900,2,1.0,CHI - Roseland,965,4613,1928,1,44,,Active,,,https://www.redfin.com/IL/Chicago/9317-S-Perry-Ave-60620/home/13106921,MRED,11644461,N,Y,41.7247993,-87.6260999
MLS Listing,,Condo/Co-op,180 E Pearson St #3807,Chicago,IL,60611,1647747,3,3.0,Water Tower Residences,2754,,1975,1,598,1945,Active,,,https://www.redfin.com/IL/Chicago/180-E-Pearson-St-60611/unit-3807/home/14117836,MRED,11644459,N,Y,41.8976934,-87.6223109
MLS Listing,,Single Family Residential,8618 S Damen Ave,Chicago,IL,60620,195000,4,1.0,CHI - Auburn Gresham,1176,,1957,1,166,,Active,,,https://www.redfin.com/IL/Chicago/8618-S-Damen-Ave-60620/home/13908143,MRED,11644452,N,Y,41.7370327,-87.6731578
MLS Listing,,Condo/Co-op,5521 S Indiana Ave #1,Chicago,IL,60637,419000,4,3.5,CHI - Washington Park,3000,,2022,1,140,250,Active,,,https://www.redfin.com/IL/Chicago/5521-S-Indiana-Ave-60637/unit-1/home/179590009,MRED,11644451,N,Y,41.7937,-87.620384
MLS Listing,,Single Family Residential,8436 S Bennett Ave,Chicago,IL,60617,330000,4,1.5,CHI - Avalon Park,2000,,1950,1,165,,Active,October-8-2022 12:00 PM,October-8-2022 01:00 PM,https://www.redfin.com/IL/Chicago/8436-S-Bennett-Ave-60617/home/13220053,MRED,11644450,N,Y,41.7413887,-87.5784883
MLS Listing,,Single Family Residential,10215 S Indiana Ave,Chicago,IL,60628,129999,2,2.0,Rosemoor,895,3750,1938,1,145,,Active,,,https://www.redfin.com/IL/Chicago/10215-S-Indiana-Ave-60628/home/13088479,MRED,11644447,N,Y,41.7085814,-87.6184258
MLS Listing,,Single Family Residential,5034 N Nashville Ave,Chicago,IL,60656,549000,4,2.5,Big Oaks,2031,4138,1948,1,270,,Active,,,https://www.redfin.com/IL/Chicago/5034-N-Nashville-Ave-60656/home/13504359,MRED,11644436,N,Y,41.9730329,-87.7918418
MLS Listing,,Single Family Residential,4714 W Superior St,Chicago,IL,60644,120000,4,1.5,CHI - Austin,1300,3023,1926,1,92,,Active,,,https://www.redfin.com/IL/Chicago/4714-W-Superior-St-60644/home/13263320,MRED,11644428,N,Y,41.8942997,-87.744206
MLS Listing,,Condo/Co-op,2912 N Commonwealth Ave Unit 7D,Chicago,IL,60657,479000,1,1.0,CHI - Lake View,1250,,1929,1,383,901,Active,,,https://www.redfin.com/IL/Chicago/2912-N-Commonwealth-Ave-60657/unit-7D/home/13370811,MRED,11644426,N,Y,41.9348315,-87.6383318
MLS Listing,,Single Family Residential,11752 S Vincennes Ave,Chicago,IL,60643,239000,4,2.0,CHI - Morgan Park,1505,6250,1961,1,159,,Active,,,https://www.redfin.com/IL/Chicago/11752-S-Vincennes-Ave-60643/home/13069416,MRED,11644415,N,Y,41.6802357,-87.6704998
MLS Listing,,Multi-Family (2-4 Unit),13528 S S Avenue K St,Chicago,IL,60633,235000,5,2.0,CHI - Hegewisch,,,1915,1,,,Active,October-9-2022 12:00 PM,October-9-2022 02:00 PM,https://www.redfin.com/IL/Chicago/13528-S-Ave-K-60633/home/13030960,MRED,11644412,N,Y,41.6491585,-87.535326
MLS Listing,,Condo/Co-op,1340 N Dearborn St Unit 17A,Chicago,IL,60610,270000,1,1.0,CHI - Near North Side,,,1969,1,,461,Active,,,https://www.redfin.com/IL/Chicago/1340-N-Dearborn-St-60610/unit-17A/home/14113779,MRED,11644392,N,Y,41.906948,-87.6304758
MLS Listing,,Single Family Residential,8237 S Kenwood Ave,Chicago,IL,60619,354900,5,3.0,CHI - Avalon Park,2800,3781,1925,1,127,,Active,,,https://www.redfin.com/IL/Chicago/8237-S-Kenwood-Ave-60619/home/13222811,MRED,11644387,N,Y,41.7448766,-87.5914211
MLS Listing,,Condo/Co-op,1448 N Lake Shore Dr Unit 4A,Chicago,IL,60610,395000,2,2.5,CHI - Near North Side,2000,,1927,1,198,3252,Active,,,https://www.redfin.com/IL/Chicago/1448-N-Lake-Shore-Dr-60610/unit-4A/home/179316649,MRED,11644381,N,Y,41.9092734,-87.626852
MLS Listing,,Single Family Residential,6238 S Justine St,Chicago,IL,60636,199999,5,3.0,CHI - West Englewood,1416,,1910,1,141,,Active,,,https://www.redfin.com/IL/Chicago/6238-S-Justine-St-60636/home/13940175,MRED,11644378,N,Y,41.780158,-87.6632954
MLS Listing,,Condo/Co-op,1555 W Fry St #302,Chicago,IL,60642,1200000,4,3.0,CHI - West Town,2500,,2017,1,480,269,Active,,,https://www.redfin.com/IL/Chicago/1555-W-Fry-St-60642/unit-302/home/182112087,MRED,11644371,N,Y,41.8968654,-87.6670295
MLS Listing,,Condo/Co-op,2001 S Calumet Ave #211,Chicago,IL,60616,195000,0,1.0,CHI - Near South Side,,,,1,,218,Active,,,https://www.redfin.com/IL/Chicago/2001-S-Calumet-Ave-60616/unit-211/home/12693416,MRED,11644369,N,Y,41.8553731,-87.6186778
MLS Listing,,Multi-Family (2-4 Unit),4925 W 63rd St S,Chicago,IL,60638,775000,9,4.5,CHI - Clearing,,,,1,,,Active,,,https://www.redfin.com/IL/Chicago/4925-W-63rd-St-60638/home/147829830,MRED,11644358,N,Y,41.778117,-87.745732
MLS Listing,,Multi-Family (2-4 Unit),8121 S Commercial Ave,Chicago,IL,60617,160000,4,2.5,CHI - South Chicago,,3484,1884,1,,,Active,,,https://www.redfin.com/IL/Chicago/8121-S-Commercial-Ave-60617/home/13214710,MRED,11644360,N,Y,41.7476441,-87.5512319
MLS Listing,,Single Family Residential,6553 S Eberhart Ave,Chicago,IL,60637,405000,4,3.5,CHI - Woodlawn,2900,3659,1916,1,140,,Active,,,https://www.redfin.com/IL/Chicago/6553-S-Eberhart-Ave-60637/home/13929554,MRED,11644357,N,Y,41.7751239,-87.6128719
MLS Listing,,Condo/Co-op,40 E 9th St #1402,Chicago,IL,60605,224900,1,1.0,Burnham Park Plaza,1025,,1920,1,219,763,Active,October-9-2022 12:00 PM,October-9-2022 02:00 PM,https://www.redfin.com/IL/Chicago/40-E-9th-St-60605/unit-1402/home/12647613,MRED,11644351,N,Y,41.8707384,-87.6263891
MLS Listing,,Multi-Family (2-4 Unit),4921 W 63rd St S,Chicago,IL,60638,775000,9,4.5,CHI - Clearing,,,,1,,,Active,,,https://www.redfin.com/IL/Chicago/4921-W-63rd-St-60638/home/147829831,MRED,11644352,N,Y,41.7781314,-87.7455856
MLS Listing,,Condo/Co-op,1449 N Ashland Ave Unit 1R,Chicago,IL,60622,215999,2,1.0,CHI - West Town,800,,,1,270,175,Active,,,https://www.redfin.com/IL/Chicago/1449-N-Ashland-Ave-60622/unit-1R/home/18942238,MRED,11644338,N,Y,41.9084309,-87.6673119
MLS Listing,,Single Family Residential,1625 E 86th St,Chicago,IL,60617,199000,5,2.0,CHI - Avalon Park,2112,3750,,1,94,,Active,,,https://www.redfin.com/IL/Chicago/1625-E-86th-St-60617/home/13218552,MRED,11644335,N,Y,41.7385549,-87.5841918
MLS Listing,,Condo/Co-op,5436 S Hyde Park Blvd #1,Chicago,IL,60615,649000,5,2.5,CHI - Hyde Park,3200,,1920,1,203,600,Active,,,https://www.redfin.com/IL/Chicago/5436-S-Hyde-Park-Blvd-60615/unit-1/home/182111395,MRED,11644328,N,Y,41.797114,-87.584423
MLS Listing,,Multi-Family (2-4 Unit),7117 S Ingleside Ave,Chicago,IL,60619,385000,6,4.0,CHI - Greater Grand Crossing,,,1912,1,,,Active,,,https://www.redfin.com/IL/Chicago/7117-S-Ingleside-Ave-60619/home/13921929,MRED,11644317,N,Y,41.7653428,-87.6015787
MLS Listing,,Condo/Co-op,1345 S Wabash Ave #1605,Chicago,IL,60605,255000,1,1.0,CHI - Near South Side,730,,2015,1,349,289,Active,,,https://www.redfin.com/IL/Chicago/1345-S-Wabash-Ave-60605/unit-1605/home/167695087,MRED,11644316,N,Y,41.8644171,-87.6254821
MLS Listing,,Condo/Co-op,5402 N Kenmore Ave Unit 1W,Chicago,IL,60640,158724,1,1.0,CHI - Edgewater,,,1924,1,,253,Active,,,https://www.redfin.com/IL/Chicago/5402-N-Kenmore-Ave-60640/unit-1W/home/12652500,MRED,11644311,N,Y,41.9804186,-87.6566464
MLS Listing,,Condo/Co-op,1525 S Michigan Ave #207,Chicago,IL,60605,275000,2,1.0,CHI - Near South Side,1012,,1920,1,272,436,Active,October-8-2022 02:00 PM,October-8-2022 03:30 PM,https://www.redfin.com/IL/Chicago/1525-S-Michigan-Ave-60605/unit-207/home/12786263,MRED,11644299,N,Y,41.8612585,-87.6234977
MLS Listing,,Condo/Co-op,175 E Delaware Pl #5203,Chicago,IL,60611,565000,2,2.0,CHI - Near North Side,1538,,1969,1,367,1266,Active,,,https://www.redfin.com/IL/Chicago/175-E-Delaware-Pl-60611/unit-5203/home/14118088,MRED,11644298,N,Y,41.8989444,-87.6227945
MLS Listing,,Multi-Family (2-4 Unit),5540 W Windsor Ave,Chicago,IL,60630,439900,8,4.0,CHI - Portage Park,,,1910,1,,,Active,,,https://www.redfin.com/IL/Chicago/5540-W-Windsor-Ave-60630/home/13480499,MRED,11644296,N,Y,41.9634828,-87.7665126
MLS Listing,,Townhouse,4524 N Paulina St Unit A,Chicago,IL,60640,359000,2,1.5,CHI - Uptown,1722,,1980,1,208,200,Active,,,https://www.redfin.com/IL/Chicago/4524-N-Paulina-St-60640/unit-A/home/182110597,MRED,11644283,N,Y,41.9642296,-87.6713087
MLS Listing,,Condo/Co-op,2350 N Orchard St Unit MZ103,Chicago,IL,60614,1299000,2,2.5,CHI - Lincoln Park,1647,,2020,1,789,1167,Active,,,https://www.redfin.com/IL/Chicago/2350-N-Orchard-St-60614/unit-MZ103/home/182110389,MRED,11644271,N,Y,41.9251023,-87.6464993
MLS Listing,,Single Family Residential,12605 S Lowe Ave,Chicago,IL,60628,210000,3,1.5,CHI - West Pullman,1100,3075,1968,1,191,,Active,,,https://www.redfin.com/IL/Chicago/12605-S-Lowe-Ave-60628/home/13055398,MRED,11644266,N,Y,41.6648554,-87.6375895
MLS Listing,,Condo/Co-op,1540 N Lasalle Dr #302,Chicago,IL,60610,171500,0,1.0,LaSalle Terrace Condominiums,550,,1974,1,312,355,Active,,,https://www.redfin.com/IL/Chicago/1540-N-La-Salle-St-60610/unit-302/home/14115955,MRED,11644256,N,Y,41.910269,-87.6337138
MLS Listing,,Single Family Residential,4401 W 81st Pl,Chicago,IL,60652,329900,4,2.0,CHI - Ashburn,2019,5998,1965,1,163,,Active,,,https://www.redfin.com/IL/Chicago/4401-W-81st-Pl-60652/home/13970672,MRED,11644250,N,Y,41.7439151,-87.7314611
MLS Listing,,Single Family Residential,5312 S California Ave,Chicago,IL,60632,230000,4,2.5,West Eldson,2164,3750,1925,1,106,,Active,,,https://www.redfin.com/IL/Chicago/5312-S-California-Ave-60632/home/14017546,MRED,11644251,N,Y,41.7968578,-87.6941851
MLS Listing,,Multi-Family (2-4 Unit),6831 S Calumet Ave,Chicago,IL,60637,275000,6,2.0,CHI - Greater Grand Crossing,,,1895,1,,,Active,,,https://www.redfin.com/IL/Chicago/6831-S-Calumet-Ave-60637/home/13928807,MRED,11644246,N,Y,41.7701919,-87.6166903
MLS Listing,,Condo/Co-op,2930 N Sheridan Rd #1905,Chicago,IL,60657,244900,1,1.0,CHI - Lake View,,,1960,1,,691,Active,,,https://www.redfin.com/IL/Chicago/2930-N-Sheridan-Rd-60657/unit-1905/home/26809167,MRED,11644243,N,Y,41.9351067,-87.6397259
MLS Listing,,Single Family Residential,8622 S Morgan St,Chicago,IL,60620,230000,5,2.0,CHI - Auburn Gresham,2200,,1922,1,105,,Active,,,https://www.redfin.com/IL/Chicago/8622-S-Morgan-St-60620/home/13227706,MRED,11644241,N,Y,41.7371118,-87.6487967
MLS Listing,,Condo/Co-op,8 E Randolph St #1908,Chicago,IL,60601,470000,2,2.0,CHI - Loop,1335,,2008,1,352,1029,Active,October-8-2022 10:00 AM,October-8-2022 11:30 AM,https://www.redfin.com/IL/Chicago/8-E-Randolph-St-60601/unit-1908/home/39566830,MRED,11644238,N,Y,41.8846478,-87.6274056
MLS Listing,,Single Family Residential,650 N Central Ave,Chicago,IL,60644,159900,3,2.0,CHI - Austin,1896,3907,1896,1,84,,Active,,,https://www.redfin.com/IL/Chicago/650-N-Central-Ave-60644/home/13267015,MRED,11644234,N,Y,41.8925784,-87.7656669
MLS Listing,,Single Family Residential,3344 N Ozanam Ave,Chicago,IL,60634,289900,3,1.5,CHI - Dunning,,3781,1925,1,,,Active,,,https://www.redfin.com/IL/Chicago/3344-N-Ozanam-Ave-60634/home/13541549,MRED,11644229,N,Y,41.9408384,-87.821959
MLS Listing,,Condo/Co-op,403 N Wabash Ave Unit 8A,Chicago,IL,60611,2099000,3,3.5,CHI - Near North Side,2424,,2019,1,866,1749,Active,,,https://www.redfin.com/IL/Chicago/403-N-Wabash-Ave-60611/unit-8A/home/108431599,MRED,11476177,N,Y,41.8898415,-87.6264559
MLS Listing,,Single Family Residential,5525 S Albany Ave,Chicago,IL,60629,269000,4,1.5,CHI - Gage Park,1396,3123,1929,1,193,,Active,October-8-2022 12:00 PM,October-8-2022 02:00 PM,https://www.redfin.com/IL/Chicago/5525-S-Albany-Ave-60629/home/14014673,MRED,11644217,N,Y,41.7927781,-87.7008227
MLS Listing,,Single Family Residential,233 W 110th St,Chicago,IL,60628,60000,4,1.0,CHI - Roseland,1348,3123,1877,1,45,,Active,,,https://www.redfin.com/IL/Chicago/233-W-110th-St-60628/home/144569813,MRED,11644211,N,Y,41.6941379,-87.6292571
MLS Listing,,Multi-Family (2-4 Unit),5300 S 73rd Ct,Summit,IL,60501,299000,7,4.0,Summit,,,1964,1,,,Active,,,https://www.redfin.com/IL/Summit/5300-S-73rd-Ct-60501/home/14055652,MRED,11644201,N,Y,41.7960397,-87.8055131
MLS Listing,,Multi-Family (2-4 Unit),3220 N Hamlin Ave,Chicago,IL,60618,499900,4,2.0,CHI - Avondale,,,1918,1,,,Active,,,https://www.redfin.com/IL/Chicago/3220-N-Hamlin-Ave-60618/home/13453312,MRED,11644195,N,Y,41.9398551,-87.7225528
MLS Listing,,Single Family Residential,5142 S Linder Ave,Chicago,IL,60638,319900,3,2.0,CHI - Garfield Ridge,1050,3149,1957,1,305,,Active,,,https://www.redfin.com/IL/Chicago/5142-S-Linder-Ave-60638/home/14024126,MRED,11644189,N,Y,41.7987928,-87.7603135
MLS Listing,,Condo/Co-op,5701 N Sheridan Rd Unit 3F,Chicago,IL,60660,110000,1,1.0,CHI - Edgewater,900,,1962,1,122,415,Active,,,https://www.redfin.com/IL/Chicago/5701-N-Sheridan-Rd-60660/unit-3F/home/13407707,MRED,11644174,N,Y,41.9860059,-87.6544907
MLS Listing,,Single Family Residential,905 W Castlewood Ter,Chicago,IL,60640,2999000,5,3.5,CHI - Uptown,5400,10350,1911,1,555,,Active,,,https://www.redfin.com/IL/Chicago/905-W-Castlewood-Ter-60640/home/13398068,MRED,11644178,N,Y,41.9706088,-87.6528337
MLS Listing,,Condo/Co-op,1530 S State St Unit 15S,Chicago,IL,60605,546000,2,2.0,Dearborn Tower,1547,,2001,1,353,865,Active,,,https://www.redfin.com/IL/Chicago/1530-S-State-St-60605/unit-15S/home/182109055,MRED,11644144,N,Y,41.8612054,-87.6284311
MLS Listing,,Single Family Residential,11340 S Eggleston Ave,Chicago,IL,60628,85000,4,2.0,CHI - Roseland,1792,4430,1905,1,47,,Active,,,https://www.redfin.com/IL/Chicago/11340-S-Eggleston-Ave-60628/home/13063047,MRED,11644168,N,Y,41.687588,-87.6340795
MLS Listing,,Single Family Residential,12349 S Peoria St,Calumet Park,IL,60827,99000,4,1.0,Calumet Park,1000,,1923,1,99,,Active,,,https://www.redfin.com/IL/Calumet-Park/12349-S-Peoria-St-60827/home/13052756,MRED,11644164,N,Y,41.6691187,-87.6438439
MLS Listing,,Multi-Family (2-4 Unit),1935 N Dayton St,Chicago,IL,60614,1799000,5,5.5,CHI - Lincoln Park,,,,1,,,Active,,,https://www.redfin.com/IL/Chicago/1935-N-Dayton-St-60614/home/13350834,MRED,11644165,N,Y,41.9170554,-87.649397
MLS Listing,,Single Family Residential,7639 S Clyde Ave,Chicago,IL,60649,200000,2,1.5,CHI - South Shore,1272,,1923,1,157,,Active,,,https://www.redfin.com/IL/Chicago/7639-S-Clyde-Ave-60649/home/13921827,MRED,11644161,N,Y,41.7559512,-87.5733287
MLS Listing,,Single Family Residential,9158 S Drexel Ave,Chicago,IL,60619,68900,3,1.0,CHI - Burnside,949,5662,1957,1,73,,Active,,,https://www.redfin.com/IL/Chicago/9158-S-Drexel-Ave-60619/home/13112811,MRED,11644156,N,Y,41.7277445,-87.6012218
MLS Listing,,Single Family Residential,2713 N Campbell Ave,Chicago,IL,60647,1450000,5,3.5,CHI - Logan Square,,3149,2022,1,,,Active,October-8-2022 12:00 PM,October-8-2022 02:00 PM,https://www.redfin.com/IL/Chicago/2713-N-Campbell-Ave-60647/home/13449888,MRED,11644155,N,Y,41.9307993,-87.6900345
MLS Listing,,Single Family Residential,11601 S Hale Ave,Chicago,IL,60643,249900,3,1.5,CHI - Morgan Park,1994,,1924,1,125,,Active,,,https://www.redfin.com/IL/Chicago/11601-S-Hale-Ave-60643/home/13068668,MRED,11644154,N,Y,41.6826459,-87.6723103
MLS Listing,,Single Family Residential,6889 N Mendota Ave,Chicago,IL,60646,500000,3,1.5,Wildwood,,,1954,1,,,Active,,,https://www.redfin.com/IL/Chicago/6889-N-Mendota-Ave-60646/home/13592617,MRED,11635975,N,Y,42.0067416,-87.7778582
MLS Listing,,Single Family Residential,6315 S Oakley Ave,Chicago,IL,60636,259900,5,2.5,CHI - Chicago Lawn,2198,3123,1920,1,118,,Active,,,https://www.redfin.com/IL/Chicago/6315-S-Oakley-Ave-60636/home/182030253,MRED,11644151,N,Y,41.778648,-87.680826
MLS Listing,,Single Family Residential,7942 S Wentworth Ave,Chicago,IL,60620,275000,3,2.0,CHI - Chatham,860,,1965,1,320,,Active,,,https://www.redfin.com/IL/Chicago/7942-S-Wentworth-Ave-60620/home/13228094,MRED,11644149,N,Y,41.749595,-87.6296859
MLS Listing,,Condo/Co-op,1625 W North Shore Ave #102,Chicago,IL,60626,229900,2,2.0,CHI - Rogers Park,1000,,1915,1,230,281,Active,,,https://www.redfin.com/IL/Chicago/1625-W-North-Shore-Ave-60626/unit-102/home/26780039,MRED,11644143,N,Y,42.003346,-87.6716567
MLS Listing,,Condo/Co-op,421 E 45th St Unit 3W,Chicago,IL,60653,285000,3,2.0,CHI - Grand Boulevard,1750,,2004,1,163,350,Active,,,https://www.redfin.com/IL/Chicago/421-E-45th-St-60653/unit-3W/home/12644106,MRED,11644118,N,Y,41.812775,-87.615424
MLS Listing,,Condo/Co-op,2341 W Haddon Ave #4,Chicago,IL,60622,504900,3,2.0,CHI - West Town,1400,,,1,361,270,Active,,,https://www.redfin.com/IL/Chicago/2341-W-Haddon-Ave-60622/unit-4/home/21809614,MRED,11644106,N,Y,41.9019412,-87.6861783
MLS Listing,,Single Family Residential,6958 S Talman Ave,Chicago,IL,60629,279900,5,2.5,CHI - Chicago Lawn,1467,3402,1929,1,191,,Active,,,https://www.redfin.com/IL/Chicago/6958-S-Talman-Ave-60629/home/13987154,MRED,11644092,N,Y,41.7665484,-87.6896031
MLS Listing,,Condo/Co-op,4337 N Kedvale Ave Unit 1E,Chicago,IL,60641,159500,2,1.5,CHI - Irving Park,1000,,1967,1,160,318,Active,,,https://www.redfin.com/IL/Chicago/4337-N-Kedvale-Ave-60641/unit-1E/home/13481759,MRED,11644089,N,Y,41.9602556,-87.7308305
MLS Listing,,Condo/Co-op,225 N Columbus Dr #5310,Chicago,IL,60601,660000,2,2.0,CHI - Loop,1170,,2009,1,564,1193,Active,,,https://www.redfin.com/IL/Chicago/225-N-Columbus-Dr-60601/unit-5310/home/18444224,MRED,11644084,N,Y,41.8864623,-87.6201026
MLS Listing,,Single Family Residential,5254 W Berenice Ave,Chicago,IL,60641,542000,4,3.5,CHI - Portage Park,2400,3628,1916,1,226,,Active,October-8-2022 11:00 AM,October-8-2022 01:00 PM,https://www.redfin.com/IL/Chicago/5254-W-Berenice-Ave-60641/home/13462894,MRED,11644079,N,Y,41.9507281,-87.7592436
MLS Listing,,Single Family Residential,5675 N Vine Ave,Norwood Park Township,IL,60631,299900,3,1.0,Norwood Park Township,1325,8494,1957,1,226,,Active,,,https://www.redfin.com/IL/Chicago/5675-N-Vine-Ave-60631/home/13562432,MRED,11644070,N,Y,41.9833495,-87.8288406
MLS Listing,,Condo/Co-op,505 N Lake Shore Dr #3301,Chicago,IL,60611,650000,2,2.0,CHI - Near North Side,1450,,1968,1,448,1037,Active,,,https://www.redfin.com/IL/Chicago/505-N-Lake-Shore-Dr-60611/unit-3301/home/14095530,MRED,11644045,N,Y,41.8915839,-87.6126983
MLS Listing,,Condo/Co-op,5530 W Lawrence Ave Unit 1S,Chicago,IL,60630,145000,2,1.0,CHI - Jefferson Park,900,,1979,1,161,170,Active,October-9-2022 11:00 AM,October-9-2022 05:00 PM,https://www.redfin.com/IL/Chicago/5530-W-Lawrence-Ave-60630/unit-1S/home/13498102,MRED,11635304,N,Y,41.9681683,-87.7664207
MLS Listing,,Single Family Residential,5101 S Monitor Ave,Chicago,IL,60638,333000,3,1.5,CHI - Garfield Ridge,1300,,1973,1,256,,Active,,,https://www.redfin.com/IL/Chicago/5101-S-Monitor-Ave-60638/home/14026184,MRED,11644037,N,Y,41.7998235,-87.7683388
MLS Listing,,Single Family Residential,7753 W Forest Preserve Ave,Chicago,IL,60634,429000,5,2.5,CHI - Dunning,2400,3750,1970,1,179,,Active,,,https://www.redfin.com/IL/Chicago/7753-W-Forest-Preserve-Ave-60634/home/13542535,MRED,11644034,N,Y,41.946499,-87.821487
MLS Listing,,Condo/Co-op,1750 W Rascher Ave #1,Chicago,IL,60640,215000,2,1.0,CHI - Edgewater,,,1913,1,,343,Active,,,https://www.redfin.com/IL/Chicago/1750-W-Rascher-Ave-60640/unit-1/home/18918389,MRED,11644029,N,Y,41.9807873,-87.6741782
MLS Listing,,Condo/Co-op,201 N Westshore Dr #2508,Chicago,IL,60601,565000,2,2.5,CHI - Loop,1295,,2004,1,436,853,Active,,,https://www.redfin.com/IL/Chicago/201-N-Westshore-Dr-60601/unit-2508/home/12657072,MRED,11644027,N,Y,41.8864156,-87.6160537
MLS Listing,,Vacant Land,3616 W 51st Pl,Chicago,IL,60632,30000,,,CHI - West Elsdon,,1742,,1,,,Active,,,https://www.redfin.com/IL/Chicago/3616-W-51st-St-60632/home/28813536,MRED,11644011,N,Y,41.8008585,-87.7142748
MLS Listing,,Vacant Land,3612 W 51st Pl,Chicago,IL,60632,30000,,,CHI - West Elsdon,,1742,,1,,,Active,,,https://www.redfin.com/IL/Chicago/3612-W-51st-St-60632/home/28813594,MRED,11644014,N,Y,41.8008632,-87.713952
MLS Listing,,Vacant Land,3614 W 51st Pl,Chicago,IL,60632,30000,,,CHI - West Elsdon,,1742,,1,,,Active,,,https://www.redfin.com/IL/Chicago/3614-W-51st-St-60632/home/28813595,MRED,11644013,N,Y,41.8008612,-87.7140823
MLS Listing,,Multi-Family (2-4 Unit),8449 S Buffalo Ave,Chicago,IL,60617,249900,6,2.0,CHI - South Chicago,,,1887,1,,,Active,,,https://www.redfin.com/IL/Chicago/8449-S-Buffalo-Ave-60617/home/13212342,MRED,11644006,N,Y,41.7415037,-87.5439315
MLS Listing,,Single Family Residential,4134 W Roscoe St,Chicago,IL,60641,425000,4,3.5,CHI - Irving Park,,2526,1907,1,,,Active,,,https://www.redfin.com/IL/Chicago/4134-W-Roscoe-St-60641/home/13456966,MRED,11644000,N,Y,41.9428917,-87.7312096
MLS Listing,,Multi-Family (2-4 Unit),6438 N Mozart St,Chicago,IL,60645,910000,11,7.0,CHI - West Ridge,,,1923,1,,,Active,,,https://www.redfin.com/IL/Chicago/6438-N-Mozart-St-60645/home/13583139,MRED,11643998,N,Y,41.9986873,-87.7011365
MLS Listing,,Multi-Family (2-4 Unit),6940 S Campbell Ave,Chicago,IL,60629,134900,4,2.0,CHI - Chicago Lawn,,,1928,1,,,Active,,,https://www.redfin.com/IL/Chicago/6940-S-Campbell-Ave-60629/home/13986921,MRED,11643994,N,Y,41.7670982,-87.6860218
MLS Listing,,Single Family Residential,5942 S Marshfield Ave,Chicago,IL,60636,61000,4,2.0,CHI - West Englewood,1200,3123,1905,1,51,,Active,,,https://www.redfin.com/IL/Chicago/5942-S-Marshfield-Ave-60636/home/13938190,MRED,11643984,N,Y,41.7855201,-87.6658094
MLS Listing,,Single Family Residential,3852 W Flournoy St,Chicago,IL,60624,82500,3,2.0,CHI - West Garfield Park,4308,4312,1901,1,19,,Active,,,https://www.redfin.com/IL/Chicago/3852-W-Flournoy-St-60624/home/13256851,MRED,11643983,N,Y,41.8727766,-87.7224505
MLS Listing,,Multi-Family (2-4 Unit),8042 S Champlain Ave,Chicago,IL,60619,229900,6,3.0,CHI - Chatham,,,1924,1,,,Active,,,https://www.redfin.com/IL/Chicago/8042-S-Champlain-Ave-60619/home/182104793,MRED,11643981,N,Y,41.7480962,-87.6091057
MLS Listing,,Condo/Co-op,5322 S King Dr Unit 3N,Chicago,IL,60615,125000,3,2.0,CHI - Washington Park,1700,,,1,74,275,Active,,,https://www.redfin.com/IL/Chicago/5322-S-King-Dr-60615/unit-3N/home/12614362,MRED,11643982,N,Y,41.797737,-87.6163341
MLS Listing,,Condo/Co-op,1614 W Columbia Ave #1,Chicago,IL,60626,225000,2,2.0,CHI - Rogers Park,1500,,,1,150,173,Active,,,https://www.redfin.com/IL/Chicago/1614-W-Columbia-Ave-60626/unit-1/home/12609963,MRED,11643975,N,Y,42.0046762,-87.6712856
MLS Listing,,Single Family Residential,6334 N Melvina Ave,Chicago,IL,60646,499900,5,2.5,CHI - Norwood Park,3200,,1930,1,156,,Active,,,https://www.redfin.com/IL/Chicago/6334-N-Melvina-Ave-60646/home/13512006,MRED,11643965,N,Y,41.9961146,-87.7831757
MLS Listing,,Single Family Residential,2614 N Greenview Ave,Chicago,IL,60614,2650000,7,6.0,CHI - Lincoln Park,6000,3693,2004,1,442,,Active,,,https://www.redfin.com/IL/Chicago/2614-N-Greenview-Ave-60614/home/13363326,MRED,11643967,N,Y,41.9293187,-87.6661183
MLS Listing,,Condo/Co-op,2206 W Winnemac Ave #2,Chicago,IL,60625,159900,1,1.0,CHI - Lincoln Square,,,1921,1,,251,Active,,,https://www.redfin.com/IL/Chicago/2206-W-Winnemac-Ave-60625/unit-2/home/12806219,MRED,11643955,N,Y,41.9732894,-87.6845396
MLS Listing,,Multi-Family (2-4 Unit),3032 S Wells St,Chicago,IL,60616,450000,7,3.0,CHI - Armour Square,,,1890,1,,,Active,,,https://www.redfin.com/IL/Chicago/3032-S-Wells-St-60616/home/182103768,MRED,11643942,N,Y,41.8386675,-87.6331881
MLS Listing,,Single Family Residential,3851 W 109th Pl,Chicago,IL,60655,264900,4,2.5,CHI - Mount Greenwood,1760,,1947,1,151,,Active,,,https://www.redfin.com/IL/Chicago/3851-W-109th-Pl-60655/home/13153877,MRED,11643919,N,Y,41.6937836,-87.7175887
MLS Listing,,Single Family Residential,603 W 123rd St,Chicago,IL,60628,125000,3,1.0,CHI - West Pullman,1200,4687,1920,1,104,,Active,,,https://www.redfin.com/IL/Chicago/603-W-123rd-St-60628/home/13056475,MRED,11643901,N,Y,41.6703808,-87.6371627
MLS Listing,,Single Family Residential,10219 S Bensley Ave,Chicago,IL,60617,159000,2,1.0,CHI - South Deering,1400,3750,,1,114,,Active,October-8-2022 12:00 PM,October-8-2022 02:00 PM,https://www.redfin.com/IL/Chicago/10219-S-Bensley-Ave-60617/home/182103411,MRED,11643903,N,Y,41.7093045,-87.5630541
MLS Listing,,Single Family Residential,12459 S Stewart Ave,Chicago,IL,60628,201900,3,2.0,CHI - West Pullman,4092,,1954,1,49,,Active,October-8-2022 11:00 AM,October-8-2022 01:00 PM,https://www.redfin.com/IL/Chicago/12459-S-Stewart-Ave-60628/home/13055681,MRED,11439388,N,Y,41.6671467,-87.6316523
MLS Listing,,Condo/Co-op,675 N Peoria St Unit 1S,Chicago,IL,60642,600000,3,3.0,CHI - West Town,2500,,2005,1,240,373,Active,,,https://www.redfin.com/IL/Chicago/675-N-Peoria-St-60642/unit-1S/home/26812832,MRED,11643898,N,Y,41.8943882,-87.6498659
MLS Listing,,Single Family Residential,2915 E 80th St,Chicago,IL,60617,205000,3,2.0,CHI - South Chicago,1740,,1895,1,118,,Active,,,https://www.redfin.com/IL/Chicago/2915-E-80th-St-60617/home/13214737,MRED,11643890,N,Y,41.7499514,-87.5533983
MLS Listing,,Multi-Family (2-4 Unit),7540 S Peoria St,Chicago,IL,60620,98000,4,2.0,CHI - Auburn Gresham,,3484,1910,1,,,Active,,,https://www.redfin.com/IL/Chicago/7540-S-Peoria-St-60620/home/182102861,MRED,11643887,N,Y,41.7564773,-87.6469563
MLS Listing,,Condo/Co-op,822 N California Ave #3,Chicago,IL,60622,382500,3,2.0,CHI - West Town,,,2005,1,,200,Active,October-9-2022 12:00 PM,October-9-2022 01:30 PM,https://www.redfin.com/IL/Chicago/822-N-California-Ave-60622/unit-3/home/18914679,MRED,11643888,N,Y,41.8964278,-87.6970667
MLS Listing,,Condo/Co-op,1500 W Grand Ave Unit 1E,Chicago,IL,60642,575000,3,3.0,CHI - West Town,,,2004,1,,348,Active,October-8-2022 12:00 PM,October-8-2022 02:00 PM,https://www.redfin.com/IL/Chicago/1500-W-Grand-Ave-60642/unit-1E/home/12629764,MRED,11619980,N,Y,41.8911164,-87.6658205
MLS Listing,,Single Family Residential,5057 W Cornelia Ave,Chicago,IL,60641,759000,4,3.5,CHI - Portage Park,2763,8454,2022,1,275,,Active,,,https://www.redfin.com/IL/Chicago/5057-W-Cornelia-Ave-60641/home/182102400,MRED,11643856,N,Y,41.9442197,-87.754263
MLS Listing,,Single Family Residential,2649 N Mont Clare Ave,Chicago,IL,60707,210000,3,2.0,CHI - Montclare,1020,3593,1920,1,206,,Active,,,https://www.redfin.com/IL/Chicago/2649-N-Mont-Clare-Ave-60707/home/13432674,MRED,11643855,N,Y,41.9286107,-87.8037085
MLS Listing,,Single Family Residential,5732 S Elizabeth St,Chicago,IL,60636,134900,5,2.0,CHI - West Englewood,1012,3123,1905,1,133,,Active,,,https://www.redfin.com/IL/Chicago/5732-S-Elizabeth-St-60636/home/13940725,MRED,11643854,N,Y,41.7894903,-87.6562056
MLS Listing,,Condo/Co-op,451 W Huron St #1302,Chicago,IL,60654,279900,1,1.0,CHI - Near North Side,,,2007,1,,429,Active,,,https://www.redfin.com/IL/Chicago/451-W-Huron-St-60654/unit-1302/home/26794124,MRED,11643851,N,Y,41.8944818,-87.6404048
MLS Listing,,Single Family Residential,5214 W Devon Ave,Chicago,IL,60646,879000,9,4.0,Edgebrook,,10964,1958,1,,,Active,October-8-2022 01:00 PM,October-8-2022 03:00 PM,https://www.redfin.com/IL/Chicago/5214-W-Devon-Ave-60646/home/13590866,MRED,11643847,N,Y,41.9975549,-87.7586727
MLS Listing,,Condo/Co-op,3014 W Montrose Ave Unit 3E,Chicago,IL,60618,649000,3,2.0,CHI - Albany Park,,,2022,1,,234,Active,,,https://www.redfin.com/IL/Chicago/3014-W-Montrose-Ave-60618/unit-3E/home/180576518,MRED,11643845,N,Y,41.9615042,-87.7039569
